場名,場コード,開催日,レース,枠,登録番号,級別,氏名,F数,L数,平均ST,全国勝率,全国2連率,全国3連率,当地勝率,当地2連率,当地3連率,支部,出身,年齢,締切時刻,節名,企画名,日目
平和島,04,20260706,1R,1,5008,B1,羽野　　　諒,0,0,0.15,4.48,22.73,39.39,5.33,33.33,44.44,福岡,福岡,29,11:55,第２回アサヒビールカップ〜平和島マスターズ〜,一般,５日目
平和島,04,20260706,1R,2,5110,B1,杉山　　喜一,0,0,0.15,5.44,33.75,53.75,5.53,34.38,56.25,静岡,静岡,26,11:55,第２回アサヒビールカップ〜平和島マスターズ〜,一般,５日目
平和島,04,20260706,1R,3,4142,A2,平野　　和明,0,0,0.18,5.76,34.51,59.29,5.90,50.00,60.00,愛知,愛知,45,11:55,第２回アサヒビールカップ〜平和島マスターズ〜,一般,５日目
平和島,04,20260706,1R,4,5120,B1,山本　稔太朗,0,0,0.16,4.70,28.30,41.51,4.11,22.22,33.33,愛知,愛知,25,11:55,第２回アサヒビールカップ〜平和島マスターズ〜,一般,５日目
平和島,04,20260706,1R,5,3928,B1,林　　　恵祐,0,0,0.18,3.80,17.07,32.93,4.63,25.00,37.50,福岡,福岡,50,11:55,第２回アサヒビールカップ〜平和島マスターズ〜,一般,５日目
平和島,04,20260706,1R,6,5425,B2,西山　　　育,0,0,0.27,1.47,0.00,2.04,0.00,0.00,0.00,三重,三重,24,11:55,第２回アサヒビールカップ〜平和島マスターズ〜,一般,５日目
平和島,04,20260706,2R,1,5037,B1,田頭　　虎親,0,0,0.18,5.82,46.84,60.76,6.09,45.45,63.64,香川,兵庫,28,12:24,第２回アサヒビールカップ〜平和島マスターズ〜,一般,５日目
平和島,04,20260706,2R,2,4172,A2,森定　　晃史,0,0,0.17,6.30,45.22,66.09,5.65,35.29,47.06,岡山,岡山,43,12:24,第２回アサヒビールカップ〜平和島マスターズ〜,一般,５日目
平和島,04,20260706,2R,3,4509,A2,平見　　真彦,0,0,0.18,5.66,34.33,56.72,5.00,25.00,50.00,愛知,愛知,37,12:24,第２回アサヒビールカップ〜平和島マスターズ〜,一般,５日目
平和島,04,20260706,2R,4,5258,B1,仲本　　　舜,0,0,0.15,4.46,27.14,35.71,3.94,11.76,35.29,福岡,沖縄,20,12:24,第２回アサヒビールカップ〜平和島マスターズ〜,一般,５日目
平和島,04,20260706,2R,5,4491,B1,田中　　　堅,0,0,0.20,4.26,22.22,35.80,4.97,33.33,44.44,群馬,群馬,39,12:24,第２回アサヒビールカップ〜平和島マスターズ〜,一般,５日目
平和島,04,20260706,2R,6,5071,B1,野見山　拓己,1,0,0.13,4.51,23.19,44.93,5.58,37.50,50.00,福岡,福岡,31,12:24,第２回アサヒビールカップ〜平和島マスターズ〜,一般,５日目
平和島,04,20260706,3R,1,3949,B1,今出　　晋二,1,0,0.18,3.74,18.18,30.30,4.53,26.32,36.84,岡山,岡山,50,12:54,第２回アサヒビールカップ〜平和島マスターズ〜,一般,５日目
平和島,04,20260706,3R,2,5223,B1,森清　　友翔,0,0,0.16,4.88,25.74,44.55,3.83,20.00,31.43,福岡,福岡,25,12:54,第２回アサヒビールカップ〜平和島マスターズ〜,一般,５日目
平和島,04,20260706,3R,3,4967,A1,中村　　魁生,0,0,0.15,7.03,54.37,72.82,5.39,41.94,58.06,大阪,大阪,27,12:54,第２回アサヒビールカップ〜平和島マスターズ〜,一般,５日目
平和島,04,20260706,3R,4,4740,B1,齋藤　　達希,0,0,0.17,4.71,24.00,45.33,4.08,15.38,38.46,静岡,静岡,34,12:54,第２回アサヒビールカップ〜平和島マスターズ〜,一般,５日目
平和島,04,20260706,3R,5,4356,A2,長岡　　良也,0,0,0.18,4.95,35.09,45.61,6.11,36.84,57.89,兵庫,兵庫,42,12:54,第２回アサヒビールカップ〜平和島マスターズ〜,一般,５日目
平和島,04,20260706,3R,6,4847,A1,佐藤　隆太郎,0,0,0.16,7.07,47.83,69.57,7.78,62.38,78.22,東京,東京,32,12:54,第２回アサヒビールカップ〜平和島マスターズ〜,一般,５日目
平和島,04,20260706,4R,1,5060,A2,数原　　　魁,0,0,0.17,5.79,44.05,57.14,7.00,70.00,70.00,兵庫,兵庫,29,13:25,第２回アサヒビールカップ〜平和島マスターズ〜,一般,５日目
平和島,04,20260706,4R,2,4985,A1,井本　　昌也,0,0,0.15,6.71,47.83,61.74,6.54,45.95,70.27,山口,山口,29,13:25,第２回アサヒビールカップ〜平和島マスターズ〜,一般,５日目
平和島,04,20260706,4R,3,3787,B1,天野　　　誠,0,0,0.20,3.75,17.86,26.79,3.70,20.00,30.00,岡山,岡山,54,13:25,第２回アサヒビールカップ〜平和島マスターズ〜,一般,５日目
平和島,04,20260706,4R,4,5368,B1,宮崎　心之介,0,0,0.17,5.77,39.29,60.71,3.45,18.18,22.73,埼玉,埼玉,24,13:25,第２回アサヒビールカップ〜平和島マスターズ〜,一般,５日目
平和島,04,20260706,4R,5,4083,A1,福島　　勇樹,1,0,0.14,7.25,59.65,73.68,6.65,50.00,69.23,東京,東京,46,13:25,第２回アサヒビールカップ〜平和島マスターズ〜,一般,５日目
平和島,04,20260706,4R,6,3591,B1,後藤　　孝義,0,0,0.21,3.27,11.11,22.22,4.08,8.33,33.33,静岡,静岡,57,13:25,第２回アサヒビールカップ〜平和島マスターズ〜,一般,５日目
平和島,04,20260706,5R,1,3505,A2,山田　　竜一,0,0,0.14,5.48,35.06,54.55,5.36,28.43,53.92,東京,東京,55,13:55,第２回アサヒビールカップ〜平和島マスターズ〜,一般,５日目
平和島,04,20260706,5R,2,3935,B1,岩津　　徹郎,0,0,0.17,5.08,30.77,50.77,4.63,25.00,43.75,岡山,岡山,48,13:55,第２回アサヒビールカップ〜平和島マスターズ〜,一般,５日目
平和島,04,20260706,5R,3,3406,B1,中里　　英夫,0,0,0.19,5.23,31.87,49.45,5.07,26.67,46.67,群馬,栃木,57,13:55,第２回アサヒビールカップ〜平和島マスターズ〜,一般,５日目
平和島,04,20260706,5R,4,3783,A1,瓜生　　正義,0,0,0.15,6.71,39.47,57.89,6.71,57.14,57.14,福岡,福岡,50,13:55,第２回アサヒビールカップ〜平和島マスターズ〜,一般,５日目
平和島,04,20260706,5R,5,5394,B1,福西　広太郎,0,0,0.18,2.84,3.75,20.00,2.40,0.00,26.67,埼玉,静岡,24,13:55,第２回アサヒビールカップ〜平和島マスターズ〜,一般,５日目
平和島,04,20260706,5R,6,3983,A1,須藤　　博倫,0,0,0.15,6.84,49.51,73.79,7.32,53.57,67.86,埼玉,埼玉,48,13:55,第２回アサヒビールカップ〜平和島マスターズ〜,一般,５日目
平和島,04,20260706,6R,1,5234,A1,塚越　　海斗,0,0,0.15,6.97,55.17,75.00,5.93,40.00,60.00,群馬,群馬,27,14:28,第２回アサヒビールカップ〜平和島マスターズ〜,一般,５日目
平和島,04,20260706,6R,2,4615,B1,板倉　　敦史,0,0,0.19,4.37,23.29,36.99,4.52,25.00,38.46,東京,千葉,46,14:28,第２回アサヒビールカップ〜平和島マスターズ〜,一般,５日目
平和島,04,20260706,6R,3,4572,B1,渡部　　　悟,0,0,0.16,5.44,35.79,51.58,5.14,36.36,50.00,大阪,大阪,37,14:28,第２回アサヒビールカップ〜平和島マスターズ〜,一般,５日目
平和島,04,20260706,6R,4,4824,A2,松井　　洪弥,0,0,0.12,5.58,35.92,49.51,5.13,25.00,25.00,三重,三重,33,14:28,第２回アサヒビールカップ〜平和島マスターズ〜,一般,５日目
平和島,04,20260706,6R,5,4418,A1,茅原　　悠紀,0,0,0.13,7.59,49.50,66.34,8.65,65.22,82.61,岡山,岡山,38,14:28,第２回アサヒビールカップ〜平和島マスターズ〜,一般,５日目
平和島,04,20260706,6R,6,4041,B1,小林　　基樹,0,0,0.21,3.94,18.18,28.79,4.00,23.81,38.10,山口,山口,47,14:28,第２回アサヒビールカップ〜平和島マスターズ〜,一般,５日目
平和島,04,20260706,7R,1,4142,A2,平野　　和明,0,0,0.18,5.76,34.51,59.29,5.90,50.00,60.00,愛知,愛知,45,15:00,第２回アサヒビールカップ〜平和島マスターズ〜,一般,５日目
平和島,04,20260706,7R,2,3904,B1,森　　　貴洋,0,0,0.18,5.02,33.85,50.77,5.93,46.67,66.67,大阪,大阪,49,15:00,第２回アサヒビールカップ〜平和島マスターズ〜,一般,５日目
平和島,04,20260706,7R,3,5037,B1,田頭　　虎親,0,0,0.18,5.82,46.84,60.76,6.09,45.45,63.64,香川,兵庫,28,15:00,第２回アサヒビールカップ〜平和島マスターズ〜,一般,５日目
平和島,04,20260706,7R,4,4491,B1,田中　　　堅,0,0,0.20,4.26,22.22,35.80,4.97,33.33,44.44,群馬,群馬,39,15:00,第２回アサヒビールカップ〜平和島マスターズ〜,一般,５日目
平和島,04,20260706,7R,5,5378,B2,鈴木　結平太,1,0,0.21,1.80,1.56,6.25,2.33,0.00,16.67,静岡,愛知,22,15:00,第２回アサヒビールカップ〜平和島マスターズ〜,一般,５日目
平和島,04,20260706,7R,6,4739,A1,中村　　晃朋,0,0,0.15,6.22,47.73,61.36,6.17,35.71,50.00,香川,香川,34,15:00,第２回アサヒビールカップ〜平和島マスターズ〜,一般,５日目
平和島,04,20260706,8R,1,4155,A2,長野　壮志郎,0,0,0.16,6.17,48.08,63.46,6.80,56.10,70.73,福岡,福岡,45,15:32,第２回アサヒビールカップ〜平和島マスターズ〜,一般,５日目
平和島,04,20260706,8R,2,5120,B1,山本　稔太朗,0,0,0.16,4.70,28.30,41.51,4.11,22.22,33.33,愛知,愛知,25,15:32,第２回アサヒビールカップ〜平和島マスターズ〜,一般,５日目
平和島,04,20260706,8R,3,3233,B1,小畑　　実成,1,0,0.16,4.41,24.05,36.71,5.20,40.00,50.00,岡山,岡山,59,15:32,第２回アサヒビールカップ〜平和島マスターズ〜,一般,５日目
平和島,04,20260706,8R,4,4172,A2,森定　　晃史,0,0,0.17,6.30,45.22,66.09,5.65,35.29,47.06,岡山,岡山,43,15:32,第２回アサヒビールカップ〜平和島マスターズ〜,一般,５日目
平和島,04,20260706,8R,5,5411,B2,木下　虎之輔,0,0,0.19,1.88,0.00,3.57,1.48,0.00,0.00,東京,神奈川,20,15:32,第２回アサヒビールカップ〜平和島マスターズ〜,一般,５日目
平和島,04,20260706,8R,6,4697,B1,國弘　　翔平,0,0,0.17,4.01,18.75,35.00,4.62,15.38,46.15,福岡,福岡,39,15:32,第２回アサヒビールカップ〜平和島マスターズ〜,一般,５日目
平和島,04,20260706,9R,1,4509,A2,平見　　真彦,0,0,0.18,5.66,34.33,56.72,5.00,25.00,50.00,愛知,愛知,37,16:05,第２回アサヒビールカップ〜平和島マスターズ〜,一般特賞,５日目
平和島,04,20260706,9R,2,3928,B1,林　　　恵祐,0,0,0.18,3.80,17.07,32.93,4.63,25.00,37.50,福岡,福岡,50,16:05,第２回アサヒビールカップ〜平和島マスターズ〜,一般特賞,５日目
平和島,04,20260706,9R,3,3949,B1,今出　　晋二,1,0,0.18,3.74,18.18,30.30,4.53,26.32,36.84,岡山,岡山,50,16:05,第２回アサヒビールカップ〜平和島マスターズ〜,一般特賞,５日目
平和島,04,20260706,9R,4,5008,B1,羽野　　　諒,0,0,0.15,4.48,22.73,39.39,5.33,33.33,44.44,福岡,福岡,29,16:05,第２回アサヒビールカップ〜平和島マスターズ〜,一般特賞,５日目
平和島,04,20260706,9R,5,4043,A2,桐本　　康臣,0,0,0.17,5.84,40.86,60.22,6.31,50.00,61.11,三重,三重,46,16:05,第２回アサヒビールカップ〜平和島マスターズ〜,一般特賞,５日目
平和島,04,20260706,9R,6,3882,B1,新田　　智彰,0,0,0.17,4.68,20.24,51.19,5.24,32.00,48.00,大阪,大阪,53,16:05,第２回アサヒビールカップ〜平和島マスターズ〜,一般特賞,５日目
平和島,04,20260706,10R,1,4847,A1,佐藤　隆太郎,0,0,0.16,7.07,47.83,69.57,7.78,62.38,78.22,東京,東京,32,16:37,第２回アサヒビールカップ〜平和島マスターズ〜,準優勝戦,５日目
平和島,04,20260706,10R,2,4083,A1,福島　　勇樹,1,0,0.14,7.25,59.65,73.68,6.65,50.00,69.23,東京,東京,46,16:37,第２回アサヒビールカップ〜平和島マスターズ〜,準優勝戦,５日目
平和島,04,20260706,10R,3,3783,A1,瓜生　　正義,0,0,0.15,6.71,39.47,57.89,6.71,57.14,57.14,福岡,福岡,50,16:37,第２回アサヒビールカップ〜平和島マスターズ〜,準優勝戦,５日目
平和島,04,20260706,10R,4,3406,B1,中里　　英夫,0,0,0.19,5.23,31.87,49.45,5.07,26.67,46.67,群馬,栃木,57,16:37,第２回アサヒビールカップ〜平和島マスターズ〜,準優勝戦,５日目
平和島,04,20260706,10R,5,5223,B1,森清　　友翔,0,0,0.16,4.88,25.74,44.55,3.83,20.00,31.43,福岡,福岡,25,16:37,第２回アサヒビールカップ〜平和島マスターズ〜,準優勝戦,５日目
平和島,04,20260706,10R,6,5060,A2,数原　　　魁,0,0,0.17,5.79,44.05,57.14,7.00,70.00,70.00,兵庫,兵庫,29,16:37,第２回アサヒビールカップ〜平和島マスターズ〜,準優勝戦,５日目
平和島,04,20260706,11R,1,3983,A1,須藤　　博倫,0,0,0.15,6.84,49.51,73.79,7.32,53.57,67.86,埼玉,埼玉,48,17:08,第２回アサヒビールカップ〜平和島マスターズ〜,準優勝戦,５日目
平和島,04,20260706,11R,2,4418,A1,茅原　　悠紀,0,0,0.13,7.59,49.50,66.34,8.65,65.22,82.61,岡山,岡山,38,17:08,第２回アサヒビールカップ〜平和島マスターズ〜,準優勝戦,５日目
平和島,04,20260706,11R,3,5368,B1,宮崎　心之介,0,0,0.17,5.77,39.29,60.71,3.45,18.18,22.73,埼玉,埼玉,24,17:08,第２回アサヒビールカップ〜平和島マスターズ〜,準優勝戦,５日目
平和島,04,20260706,11R,4,4967,A1,中村　　魁生,0,0,0.15,7.03,54.37,72.82,5.39,41.94,58.06,大阪,大阪,27,17:08,第２回アサヒビールカップ〜平和島マスターズ〜,準優勝戦,５日目
平和島,04,20260706,11R,5,3935,B1,岩津　　徹郎,0,0,0.17,5.08,30.77,50.77,4.63,25.00,43.75,岡山,岡山,48,17:08,第２回アサヒビールカップ〜平和島マスターズ〜,準優勝戦,５日目
平和島,04,20260706,11R,6,5234,A1,塚越　　海斗,0,0,0.15,6.97,55.17,75.00,5.93,40.00,60.00,群馬,群馬,27,17:08,第２回アサヒビールカップ〜平和島マスターズ〜,準優勝戦,５日目
平和島,04,20260706,12R,1,4739,A1,中村　　晃朋,0,0,0.15,6.22,47.73,61.36,6.17,35.71,50.00,香川,香川,34,17:42,第２回アサヒビールカップ〜平和島マスターズ〜,準優勝戦,５日目
平和島,04,20260706,12R,2,4356,A2,長岡　　良也,0,0,0.18,4.95,35.09,45.61,6.11,36.84,57.89,兵庫,兵庫,42,17:42,第２回アサヒビールカップ〜平和島マスターズ〜,準優勝戦,５日目
平和島,04,20260706,12R,3,4824,A2,松井　　洪弥,0,0,0.12,5.58,35.92,49.51,5.13,25.00,25.00,三重,三重,33,17:42,第２回アサヒビールカップ〜平和島マスターズ〜,準優勝戦,５日目
平和島,04,20260706,12R,4,4572,B1,渡部　　　悟,0,0,0.16,5.44,35.79,51.58,5.14,36.36,50.00,大阪,大阪,37,17:42,第２回アサヒビールカップ〜平和島マスターズ〜,準優勝戦,５日目
平和島,04,20260706,12R,5,4985,A1,井本　　昌也,0,0,0.15,6.71,47.83,61.74,6.54,45.95,70.27,山口,山口,29,17:42,第２回アサヒビールカップ〜平和島マスターズ〜,準優勝戦,５日目
平和島,04,20260706,12R,6,3505,A2,山田　　竜一,0,0,0.14,5.48,35.06,54.55,5.36,28.43,53.92,東京,東京,55,17:42,第２回アサヒビールカップ〜平和島マスターズ〜,準優勝戦,５日目
多摩川,05,20260706,1R,1,3445,B1,加藤　　高史,0,0,0.18,4.75,20.24,45.24,4.73,34.62,42.31,埼玉,東京,56,11:33,第５９回報知新聞社賞,予選,２日目
多摩川,05,20260706,1R,2,4273,B1,佐藤　　　旭,0,0,0.19,5.12,31.71,50.00,4.57,26.09,43.48,静岡,静岡,43,11:33,第５９回報知新聞社賞,予選,２日目
多摩川,05,20260706,1R,3,5196,A1,鰐部　太空海,1,0,0.15,6.57,46.43,64.29,5.07,28.57,42.86,愛知,愛知,24,11:33,第５９回報知新聞社賞,予選,２日目
多摩川,05,20260706,1R,4,4274,B1,長畑　　友輔,0,0,0.16,4.36,22.35,38.82,4.43,26.19,42.86,東京,東京,43,11:33,第５９回報知新聞社賞,予選,２日目
多摩川,05,20260706,1R,5,3852,B1,澤　　　大介,0,0,0.21,4.33,19.40,41.79,4.71,23.53,41.18,三重,三重,53,11:33,第５９回報知新聞社賞,予選,２日目
多摩川,05,20260706,1R,6,4077,A2,品田　　直樹,0,0,0.17,6.00,35.79,62.11,4.59,25.00,40.91,東京,神奈川,47,11:33,第５９回報知新聞社賞,予選,２日目
多摩川,05,20260706,2R,1,4281,B1,大澤　　大夢,0,0,0.17,4.87,30.38,48.10,4.66,25.00,47.73,埼玉,埼玉,42,12:04,第５９回報知新聞社賞,予選,２日目
多摩川,05,20260706,2R,2,3161,B1,古場　　輝義,0,0,0.19,5.14,36.84,52.63,4.20,30.00,30.00,大阪,長崎,66,12:04,第５９回報知新聞社賞,予選,２日目
多摩川,05,20260706,2R,3,4461,B1,安田　　吉宏,0,0,0.17,4.48,18.75,45.00,5.18,32.14,53.57,三重,岐阜,40,12:04,第５９回報知新聞社賞,予選,２日目
多摩川,05,20260706,2R,4,4290,A1,稲田　　浩二,0,0,0.12,6.98,45.90,70.49,7.86,68.97,79.31,兵庫,兵庫,41,12:04,第５９回報知新聞社賞,予選,２日目
多摩川,05,20260706,2R,5,3929,B1,杢野　　誓良,0,0,0.16,3.93,14.47,32.89,4.13,12.50,37.50,愛知,愛知,50,12:04,第５９回報知新聞社賞,予選,２日目
多摩川,05,20260706,2R,6,5005,A1,石田　　貴洋,0,0,0.15,6.73,51.35,71.62,5.42,26.92,57.69,埼玉,埼玉,30,12:04,第５９回報知新聞社賞,予選,２日目
多摩川,05,20260706,3R,1,4462,B1,夏山　　亮平,0,0,0.15,4.88,31.88,47.83,5.84,40.00,56.00,大阪,大阪,40,12:33,第５９回報知新聞社賞,予選,２日目
多摩川,05,20260706,3R,2,4086,A2,寺本　　重宣,0,0,0.15,5.99,41.12,57.01,6.10,39.68,61.90,東京,神奈川,46,12:33,第５９回報知新聞社賞,予選,２日目
多摩川,05,20260706,3R,3,4207,A1,松下　　一也,0,0,0.13,6.21,51.72,59.77,5.77,46.51,60.47,静岡,静岡,43,12:33,第５９回報知新聞社賞,予選,２日目
多摩川,05,20260706,3R,4,3340,B1,池田　　雷太,0,0,0.18,4.21,21.18,32.94,4.64,28.57,42.86,東京,東京,60,12:33,第５９回報知新聞社賞,予選,２日目
多摩川,05,20260706,3R,5,4979,B1,中野　　夢斗,0,0,0.17,5.26,32.41,49.07,0.00,0.00,0.00,愛知,愛知,30,12:33,第５９回報知新聞社賞,予選,２日目
多摩川,05,20260706,3R,6,5466,B2,成田　　華音,0,0,,2.00,3.85,3.85,0.00,0.00,0.00,埼玉,埼玉,19,12:33,第５９回報知新聞社賞,予選,２日目
多摩川,05,20260706,4R,1,3933,B1,山地　　正樹,0,0,0.17,5.92,43.00,63.00,5.78,55.56,61.11,岡山,岡山,50,13:03,第５９回報知新聞社賞,予選,２日目
多摩川,05,20260706,4R,2,4118,A2,宇佐見　　淳,0,0,0.15,5.90,40.54,59.46,6.59,36.59,73.17,愛知,愛知,45,13:03,第５９回報知新聞社賞,予選,２日目
多摩川,05,20260706,4R,3,4760,A1,山崎　　　郡,0,0,0.14,7.14,44.00,67.20,6.88,45.83,62.50,大阪,大阪,36,13:03,第５９回報知新聞社賞,予選,２日目
多摩川,05,20260706,4R,4,4917,B1,岩橋　　裕馬,0,0,0.17,4.29,20.00,30.59,3.36,9.09,18.18,兵庫,大阪,37,13:03,第５９回報知新聞社賞,予選,２日目
多摩川,05,20260706,4R,5,4489,B1,岩川　　仁士,0,0,0.15,5.15,31.31,50.51,5.74,39.47,52.63,大阪,大阪,39,13:03,第５９回報知新聞社賞,予選,２日目
多摩川,05,20260706,4R,6,3866,B1,木山　　誠一,1,0,0.13,5.14,34.48,52.87,6.17,33.33,66.67,岡山,岡山,51,13:03,第５９回報知新聞社賞,予選,２日目
多摩川,05,20260706,5R,1,4735,B1,角山　　雄哉,0,0,0.16,4.15,18.99,36.71,3.38,12.50,18.75,兵庫,兵庫,35,13:33,第５９回報知新聞社賞,予選,２日目
多摩川,05,20260706,5R,2,4047,B1,吉永　　浩則,1,0,0.18,3.84,17.91,34.33,4.76,26.47,38.24,大阪,大阪,46,13:33,第５９回報知新聞社賞,予選,２日目
多摩川,05,20260706,5R,3,4365,A2,盛本　　真輔,0,0,0.18,6.00,42.86,58.33,5.56,44.00,64.00,兵庫,兵庫,40,13:33,第５９回報知新聞社賞,予選,２日目
多摩川,05,20260706,5R,4,4318,A2,桑原　　将光,1,0,0.16,5.23,28.05,57.32,5.50,31.82,59.09,東京,東京,41,13:33,第５９回報知新聞社賞,予選,２日目
多摩川,05,20260706,5R,5,3775,B1,泉　　　啓文,0,0,0.18,3.61,16.25,27.50,4.12,26.92,30.77,岡山,岡山,51,13:33,第５９回報知新聞社賞,予選,２日目
多摩川,05,20260706,5R,6,3939,B2,渡辺　　真至,0,0,0.14,5.62,44.83,58.62,5.63,42.11,47.37,愛知,愛知,48,13:33,第５９回報知新聞社賞,予選,２日目
多摩川,05,20260706,6R,1,4274,B1,長畑　　友輔,0,0,0.16,4.36,22.35,38.82,4.43,26.19,42.86,東京,東京,43,14:09,第５９回報知新聞社賞,予選,２日目
多摩川,05,20260706,6R,2,5259,B2,野田　　昇吾,0,0,0.18,3.03,8.96,17.91,1.71,0.00,4.17,埼玉,福岡,33,14:09,第５９回報知新聞社賞,予選,２日目
多摩川,05,20260706,6R,3,4604,A1,岩瀬　　裕亮,0,0,0.14,7.37,52.85,69.11,6.86,47.62,76.19,愛知,愛知,38,14:09,第５９回報知新聞社賞,予選,２日目
多摩川,05,20260706,6R,4,3641,A1,一瀬　　　明,0,0,0.17,6.17,41.58,61.39,6.49,41.82,67.27,東京,神奈川,55,14:09,第５９回報知新聞社賞,予選,２日目
多摩川,05,20260706,6R,5,3362,B1,間嶋　　仁志,0,0,0.19,4.88,29.27,42.68,5.58,45.83,45.83,三重,大阪,56,14:09,第５９回報知新聞社賞,予選,２日目
多摩川,05,20260706,6R,6,3439,A1,大平　誉史明,0,0,0.16,5.98,43.27,58.65,4.96,28.57,42.86,大阪,大阪,56,14:09,第５９回報知新聞社賞,予選,２日目
多摩川,05,20260706,7R,1,3885,A2,久田　　　武,0,0,0.17,5.33,33.75,52.50,5.69,40.00,57.14,愛知,愛知,52,14:35,第５９回報知新聞社賞,予選,２日目
多摩川,05,20260706,7R,2,4598,B1,加藤　　政彦,0,0,0.16,5.85,43.01,54.84,4.77,25.58,44.19,東京,東京,42,14:35,第５９回報知新聞社賞,予選,２日目
多摩川,05,20260706,7R,3,3929,B1,杢野　　誓良,0,0,0.16,3.93,14.47,32.89,4.13,12.50,37.50,愛知,愛知,50,14:35,第５９回報知新聞社賞,予選,２日目
多摩川,05,20260706,7R,4,4207,A1,松下　　一也,0,0,0.13,6.21,51.72,59.77,5.77,46.51,60.47,静岡,静岡,43,14:35,第５９回報知新聞社賞,予選,２日目
多摩川,05,20260706,7R,5,3808,B1,秋田　健太郎,0,0,0.17,4.35,23.61,34.72,2.00,0.00,0.00,埼玉,埼玉,51,14:35,第５９回報知新聞社賞,予選,２日目
多摩川,05,20260706,7R,6,3300,A2,川崎　　智幸,1,0,0.16,6.05,43.80,62.81,4.00,20.00,20.00,岡山,岡山,59,14:35,第５９回報知新聞社賞,予選,２日目
多摩川,05,20260706,8R,1,4086,A2,寺本　　重宣,0,0,0.15,5.99,41.12,57.01,6.10,39.68,61.90,東京,神奈川,46,15:06,第５９回報知新聞社賞,予選,２日目
多摩川,05,20260706,8R,2,4760,A1,山崎　　　郡,0,0,0.14,7.14,44.00,67.20,6.88,45.83,62.50,大阪,大阪,36,15:06,第５９回報知新聞社賞,予選,２日目
多摩川,05,20260706,8R,3,3839,B1,川合　　理司,0,0,0.19,3.42,10.71,27.38,4.10,10.00,40.00,静岡,静岡,50,15:06,第５９回報知新聞社賞,予選,２日目
多摩川,05,20260706,8R,4,4281,B1,大澤　　大夢,0,0,0.17,4.87,30.38,48.10,4.66,25.00,47.73,埼玉,埼玉,42,15:06,第５９回報知新聞社賞,予選,２日目
多摩川,05,20260706,8R,5,4273,B1,佐藤　　　旭,0,0,0.19,5.12,31.71,50.00,4.57,26.09,43.48,静岡,静岡,43,15:06,第５９回報知新聞社賞,予選,２日目
多摩川,05,20260706,8R,6,4593,A2,小坂　　宗司,0,0,0.17,5.99,36.63,66.34,5.58,27.27,66.67,大阪,兵庫,45,15:06,第５９回報知新聞社賞,予選,２日目
多摩川,05,20260706,9R,1,3685,A2,荒井　　輝年,1,0,0.15,5.81,42.70,56.18,6.88,50.00,62.50,岡山,岡山,52,15:40,第５９回報知新聞社賞,予選特賞,２日目
多摩川,05,20260706,9R,2,4290,A1,稲田　　浩二,0,0,0.12,6.98,45.90,70.49,7.86,68.97,79.31,兵庫,兵庫,41,15:40,第５９回報知新聞社賞,予選特賞,２日目
多摩川,05,20260706,9R,3,3775,B1,泉　　　啓文,0,0,0.18,3.61,16.25,27.50,4.12,26.92,30.77,岡山,岡山,51,15:40,第５９回報知新聞社賞,予選特賞,２日目
多摩川,05,20260706,9R,4,3467,B1,森　　　弘行,0,0,0.20,3.91,13.85,35.38,2.74,8.20,18.03,東京,東京,57,15:40,第５９回報知新聞社賞,予選特賞,２日目
多摩川,05,20260706,9R,5,3445,B1,加藤　　高史,0,0,0.18,4.75,20.24,45.24,4.73,34.62,42.31,埼玉,東京,56,15:40,第５９回報知新聞社賞,予選特賞,２日目
多摩川,05,20260706,9R,6,4118,A2,宇佐見　　淳,0,0,0.15,5.90,40.54,59.46,6.59,36.59,73.17,愛知,愛知,45,15:40,第５９回報知新聞社賞,予選特賞,２日目
多摩川,05,20260706,10R,1,4318,A2,桑原　　将光,1,0,0.16,5.23,28.05,57.32,5.50,31.82,59.09,東京,東京,41,16:15,第５９回報知新聞社賞,予選特賞,２日目
多摩川,05,20260706,10R,2,5196,A1,鰐部　太空海,1,0,0.15,6.57,46.43,64.29,5.07,28.57,42.86,愛知,愛知,24,16:15,第５９回報知新聞社賞,予選特賞,２日目
多摩川,05,20260706,10R,3,4917,B1,岩橋　　裕馬,0,0,0.17,4.29,20.00,30.59,3.36,9.09,18.18,兵庫,大阪,37,16:15,第５９回報知新聞社賞,予選特賞,２日目
多摩川,05,20260706,10R,4,3439,A1,大平　誉史明,0,0,0.16,5.98,43.27,58.65,4.96,28.57,42.86,大阪,大阪,56,16:15,第５９回報知新聞社賞,予選特賞,２日目
多摩川,05,20260706,10R,5,3340,B1,池田　　雷太,0,0,0.18,4.21,21.18,32.94,4.64,28.57,42.86,東京,東京,60,16:15,第５９回報知新聞社賞,予選特賞,２日目
多摩川,05,20260706,10R,6,4461,B1,安田　　吉宏,0,0,0.17,4.48,18.75,45.00,5.18,32.14,53.57,三重,岐阜,40,16:15,第５９回報知新聞社賞,予選特賞,２日目
多摩川,05,20260706,11R,1,3641,A1,一瀬　　　明,0,0,0.17,6.17,41.58,61.39,6.49,41.82,67.27,東京,神奈川,55,16:47,第５９回報知新聞社賞,予選特選,２日目
多摩川,05,20260706,11R,2,5005,A1,石田　　貴洋,0,0,0.15,6.73,51.35,71.62,5.42,26.92,57.69,埼玉,埼玉,30,16:47,第５９回報知新聞社賞,予選特選,２日目
多摩川,05,20260706,11R,3,3690,B1,河合　　三弘,0,0,0.19,5.01,32.18,47.13,3.53,17.65,23.53,愛知,愛知,55,16:47,第５９回報知新聞社賞,予選特選,２日目
多摩川,05,20260706,11R,4,4077,A2,品田　　直樹,0,0,0.17,6.00,35.79,62.11,4.59,25.00,40.91,東京,神奈川,47,16:47,第５９回報知新聞社賞,予選特選,２日目
多摩川,05,20260706,11R,5,4462,B1,夏山　　亮平,0,0,0.15,4.88,31.88,47.83,5.84,40.00,56.00,大阪,大阪,40,16:47,第５９回報知新聞社賞,予選特選,２日目
多摩川,05,20260706,11R,6,4934,A2,佐々木　翔斗,0,0,0.17,5.38,35.23,51.14,5.16,24.00,48.00,大阪,大阪,30,16:47,第５９回報知新聞社賞,予選特選,２日目
多摩川,05,20260706,12R,1,4604,A1,岩瀬　　裕亮,0,0,0.14,7.37,52.85,69.11,6.86,47.62,76.19,愛知,愛知,38,17:20,第５９回報知新聞社賞,記者選抜戦,２日目
多摩川,05,20260706,12R,2,3885,A2,久田　　　武,0,0,0.17,5.33,33.75,52.50,5.69,40.00,57.14,愛知,愛知,52,17:20,第５９回報知新聞社賞,記者選抜戦,２日目
多摩川,05,20260706,12R,3,4593,A2,小坂　　宗司,0,0,0.17,5.99,36.63,66.34,5.58,27.27,66.67,大阪,兵庫,45,17:20,第５９回報知新聞社賞,記者選抜戦,２日目
多摩川,05,20260706,12R,4,3866,B1,木山　　誠一,1,0,0.13,5.14,34.48,52.87,6.17,33.33,66.67,岡山,岡山,51,17:20,第５９回報知新聞社賞,記者選抜戦,２日目
多摩川,05,20260706,12R,5,3161,B1,古場　　輝義,0,0,0.19,5.14,36.84,52.63,4.20,30.00,30.00,大阪,長崎,66,17:20,第５９回報知新聞社賞,記者選抜戦,２日目
多摩川,05,20260706,12R,6,4365,A2,盛本　　真輔,0,0,0.18,6.00,42.86,58.33,5.56,44.00,64.00,兵庫,兵庫,40,17:20,第５９回報知新聞社賞,記者選抜戦,２日目
津,09,20260706,1R,1,4677,A1,片橋　　幸貴,0,0,0.15,6.01,42.68,64.63,6.14,42.86,57.14,滋賀,京都,38,10:38,サンケイスポーツ杯,ツッキーレース,最終日
津,09,20260706,1R,2,3797,B1,岩井　　　繁,0,0,0.20,3.87,16.33,31.63,3.75,25.00,37.50,広島,広島,53,10:38,サンケイスポーツ杯,ツッキーレース,最終日
津,09,20260706,1R,3,3842,B1,星野　　太郎,0,0,0.19,4.52,24.64,37.68,5.33,35.51,54.21,三重,三重,50,10:38,サンケイスポーツ杯,ツッキーレース,最終日
津,09,20260706,1R,4,4097,B1,貫地谷　直人,0,0,0.22,3.64,13.64,28.79,3.48,12.00,28.00,広島,広島,44,10:38,サンケイスポーツ杯,ツッキーレース,最終日
津,09,20260706,1R,5,5467,B2,野村　　羽玖,0,0,,2.48,0.00,20.00,0.00,0.00,0.00,大阪,大阪,19,10:38,サンケイスポーツ杯,ツッキーレース,最終日
津,09,20260706,1R,6,4904,B1,松本　　一毅,0,0,0.17,5.27,33.03,49.54,6.47,46.67,73.33,大阪,大阪,31,10:38,サンケイスポーツ杯,ツッキーレース,最終日
津,09,20260706,2R,1,4527,B1,高野　　心吾,0,0,0.17,4.63,25.00,43.06,3.04,7.69,15.38,愛知,愛知,38,11:07,サンケイスポーツ杯,一般,最終日
津,09,20260706,2R,2,3482,B1,金子　　猛志,0,0,0.15,5.26,33.33,52.63,6.75,50.00,87.50,群馬,群馬,55,11:07,サンケイスポーツ杯,一般,最終日
津,09,20260706,2R,3,3696,B1,白井　　友晴,0,0,0.17,4.99,26.92,44.87,5.65,30.00,60.00,埼玉,埼玉,54,11:07,サンケイスポーツ杯,一般,最終日
津,09,20260706,2R,4,5232,B1,樅山　　拓馬,0,0,0.16,5.10,27.78,44.44,4.61,11.11,50.00,愛知,愛知,28,11:07,サンケイスポーツ杯,一般,最終日
津,09,20260706,2R,5,5243,B1,三馬　　崇史,0,0,0.17,5.46,36.17,52.13,6.44,44.44,77.78,広島,広島,25,11:07,サンケイスポーツ杯,一般,最終日
津,09,20260706,2R,6,3419,B2,栗原　　謙治,0,0,0.22,2.29,0.00,4.76,3.00,14.29,28.57,群馬,群馬,56,11:07,サンケイスポーツ杯,一般,最終日
津,09,20260706,3R,1,4022,B1,待鳥　　雄紀,0,0,0.16,4.48,24.00,41.33,0.00,0.00,0.00,福岡,福岡,46,11:37,サンケイスポーツ杯,一般,最終日
津,09,20260706,3R,2,4000,A2,松本　　博昭,0,0,0.17,6.16,45.60,60.00,5.44,34.38,53.13,広島,広島,49,11:37,サンケイスポーツ杯,一般,最終日
津,09,20260706,3R,3,4458,B1,抹香　　雄三,0,0,0.15,5.37,31.51,50.68,4.05,10.53,42.11,広島,広島,40,11:37,サンケイスポーツ杯,一般,最終日
津,09,20260706,3R,4,4076,B1,杉田　　篤光,0,0,0.21,5.07,30.40,50.40,5.06,35.29,52.94,静岡,静岡,47,11:37,サンケイスポーツ杯,一般,最終日
津,09,20260706,3R,5,4709,A2,岡村　　将也,1,0,0.15,5.48,34.88,52.33,6.05,47.62,57.14,福岡,福岡,37,11:37,サンケイスポーツ杯,一般,最終日
津,09,20260706,3R,6,3828,B1,明石　　正之,0,0,0.16,5.53,34.62,55.13,5.20,30.00,50.00,兵庫,兵庫,52,11:37,サンケイスポーツ杯,一般,最終日
津,09,20260706,4R,1,3813,A1,佐藤　　大介,0,0,0.16,6.87,51.52,74.75,5.21,29.17,45.83,愛知,愛知,50,12:09,サンケイスポーツ杯,一般,最終日
津,09,20260706,4R,2,4565,B1,西村　　豪洋,0,0,0.18,3.76,10.71,30.95,4.48,23.81,40.48,愛知,愛知,38,12:09,サンケイスポーツ杯,一般,最終日
津,09,20260706,4R,3,5376,B1,吉田　　一心,0,0,0.17,4.85,28.21,46.15,4.83,27.78,44.44,大阪,大阪,22,12:09,サンケイスポーツ杯,一般,最終日
津,09,20260706,4R,4,5354,B1,渡邊　　雄斗,0,0,0.19,3.90,19.67,34.43,2.39,8.11,12.16,三重,宮崎,21,12:09,サンケイスポーツ杯,一般,最終日
津,09,20260706,4R,5,3746,A2,岡瀬　　正人,0,0,0.18,5.63,36.52,55.65,4.89,36.84,52.63,岡山,岡山,51,12:09,サンケイスポーツ杯,一般,最終日
津,09,20260706,4R,6,4485,B1,楠原　　正剛,1,0,0.16,5.23,31.68,49.50,5.00,25.00,50.00,福岡,福岡,40,12:09,サンケイスポーツ杯,一般,最終日
津,09,20260706,5R,1,3717,A2,立間　　充宏,0,0,0.18,5.50,30.26,50.00,4.36,28.57,35.71,岡山,岡山,51,12:38,サンケイスポーツ杯,５ールドレース,最終日
津,09,20260706,5R,2,4905,B1,土井　　祥伍,0,0,0.21,4.47,20.59,38.24,4.73,18.18,54.55,大阪,大阪,31,12:38,サンケイスポーツ杯,５ールドレース,最終日
津,09,20260706,5R,3,4252,B1,松下　　哲也,0,0,0.19,4.38,19.23,39.74,4.33,33.33,44.44,福岡,福岡,43,12:38,サンケイスポーツ杯,５ールドレース,最終日
津,09,20260706,5R,4,3842,B1,星野　　太郎,0,0,0.19,4.52,24.64,37.68,5.33,35.51,54.21,三重,三重,50,12:38,サンケイスポーツ杯,５ールドレース,最終日
津,09,20260706,5R,5,3838,B1,伊藤　　啓三,0,0,0.16,5.51,33.77,58.44,7.06,55.56,77.78,埼玉,埼玉,51,12:38,サンケイスポーツ杯,５ールドレース,最終日
津,09,20260706,5R,6,5467,B2,野村　　羽玖,0,0,,2.48,0.00,20.00,0.00,0.00,0.00,大阪,大阪,19,12:38,サンケイスポーツ杯,５ールドレース,最終日
津,09,20260706,6R,1,5232,B1,樅山　　拓馬,0,0,0.16,5.10,27.78,44.44,4.61,11.11,50.00,愛知,愛知,28,13:08,サンケイスポーツ杯,一般,最終日
津,09,20260706,6R,2,4665,B1,加藤　　啓太,0,0,0.17,3.97,13.92,31.65,0.00,0.00,0.00,愛知,愛知,42,13:08,サンケイスポーツ杯,一般,最終日
津,09,20260706,6R,3,5134,A2,大原　　祥昌,0,0,0.15,5.78,44.44,56.79,5.22,44.44,55.56,広島,広島,26,13:08,サンケイスポーツ杯,一般,最終日
津,09,20260706,6R,4,4506,A1,稗田　　聖也,0,0,0.14,6.34,50.70,66.20,5.91,45.45,63.64,福岡,福岡,38,13:08,サンケイスポーツ杯,一般,最終日
津,09,20260706,6R,5,3797,B1,岩井　　　繁,0,0,0.20,3.87,16.33,31.63,3.75,25.00,37.50,広島,広島,53,13:08,サンケイスポーツ杯,一般,最終日
津,09,20260706,6R,6,3696,B1,白井　　友晴,0,0,0.17,4.99,26.92,44.87,5.65,30.00,60.00,埼玉,埼玉,54,13:08,サンケイスポーツ杯,一般,最終日
津,09,20260706,7R,1,4097,B1,貫地谷　直人,0,0,0.22,3.64,13.64,28.79,3.48,12.00,28.00,広島,広島,44,13:41,サンケイスポーツ杯,一般,最終日
津,09,20260706,7R,2,3742,B1,宮地　　秀祈,0,0,0.18,4.96,30.14,42.47,2.83,16.67,33.33,福岡,福岡,51,13:41,サンケイスポーツ杯,一般,最終日
津,09,20260706,7R,3,4057,A2,松井　　賢治,0,0,0.15,5.89,44.44,58.97,5.63,30.00,56.67,兵庫,兵庫,47,13:41,サンケイスポーツ杯,一般,最終日
津,09,20260706,7R,4,4022,B1,待鳥　　雄紀,0,0,0.16,4.48,24.00,41.33,0.00,0.00,0.00,福岡,福岡,46,13:41,サンケイスポーツ杯,一般,最終日
津,09,20260706,7R,5,3550,B1,都築　　正治,0,0,0.16,5.55,40.18,53.57,5.59,37.84,54.05,愛知,愛知,55,13:41,サンケイスポーツ杯,一般,最終日
津,09,20260706,7R,6,4228,A2,吉田　慎二郎,1,0,0.17,6.28,47.32,66.07,4.59,23.53,47.06,愛知,岐阜,43,13:41,サンケイスポーツ杯,一般,最終日
津,09,20260706,8R,1,5243,B1,三馬　　崇史,0,0,0.17,5.46,36.17,52.13,6.44,44.44,77.78,広島,広島,25,14:10,サンケイスポーツ杯,一般,最終日
津,09,20260706,8R,2,3746,A2,岡瀬　　正人,0,0,0.18,5.63,36.52,55.65,4.89,36.84,52.63,岡山,岡山,51,14:10,サンケイスポーツ杯,一般,最終日
津,09,20260706,8R,3,4076,B1,杉田　　篤光,0,0,0.21,5.07,30.40,50.40,5.06,35.29,52.94,静岡,静岡,47,14:10,サンケイスポーツ杯,一般,最終日
津,09,20260706,8R,4,4000,A2,松本　　博昭,0,0,0.17,6.16,45.60,60.00,5.44,34.38,53.13,広島,広島,49,14:10,サンケイスポーツ杯,一般,最終日
津,09,20260706,8R,5,5376,B1,吉田　　一心,0,0,0.17,4.85,28.21,46.15,4.83,27.78,44.44,大阪,大阪,22,14:10,サンケイスポーツ杯,一般,最終日
津,09,20260706,8R,6,3482,B1,金子　　猛志,0,0,0.15,5.26,33.33,52.63,6.75,50.00,87.50,群馬,群馬,55,14:10,サンケイスポーツ杯,一般,最終日
津,09,20260706,9R,1,4002,A1,古結　　　宏,0,0,0.14,6.81,49.55,69.37,6.53,53.33,68.89,兵庫,兵庫,48,14:40,サンケイスポーツ杯,一般特選,最終日
津,09,20260706,9R,2,4904,B1,松本　　一毅,0,0,0.17,5.27,33.03,49.54,6.47,46.67,73.33,大阪,大阪,31,14:40,サンケイスポーツ杯,一般特選,最終日
津,09,20260706,9R,3,3838,B1,伊藤　　啓三,0,0,0.16,5.51,33.77,58.44,7.06,55.56,77.78,埼玉,埼玉,51,14:40,サンケイスポーツ杯,一般特選,最終日
津,09,20260706,9R,4,4527,B1,高野　　心吾,0,0,0.17,4.63,25.00,43.06,3.04,7.69,15.38,愛知,愛知,38,14:40,サンケイスポーツ杯,一般特選,最終日
津,09,20260706,9R,5,5354,B1,渡邊　　雄斗,0,0,0.19,3.90,19.67,34.43,2.39,8.11,12.16,三重,宮崎,21,14:40,サンケイスポーツ杯,一般特選,最終日
津,09,20260706,9R,6,4252,B1,松下　　哲也,0,0,0.19,4.38,19.23,39.74,4.33,33.33,44.44,福岡,福岡,43,14:40,サンケイスポーツ杯,一般特選,最終日
津,09,20260706,10R,1,4709,A2,岡村　　将也,1,0,0.15,5.48,34.88,52.33,6.05,47.62,57.14,福岡,福岡,37,15:13,サンケイスポーツ杯,選抜戦,最終日
津,09,20260706,10R,2,4677,A1,片橋　　幸貴,0,0,0.15,6.01,42.68,64.63,6.14,42.86,57.14,滋賀,京都,38,15:13,サンケイスポーツ杯,選抜戦,最終日
津,09,20260706,10R,3,4565,B1,西村　　豪洋,0,0,0.18,3.76,10.71,30.95,4.48,23.81,40.48,愛知,愛知,38,15:13,サンケイスポーツ杯,選抜戦,最終日
津,09,20260706,10R,4,5134,A2,大原　　祥昌,0,0,0.15,5.78,44.44,56.79,5.22,44.44,55.56,広島,広島,26,15:13,サンケイスポーツ杯,選抜戦,最終日
津,09,20260706,10R,5,4665,B1,加藤　　啓太,0,0,0.17,3.97,13.92,31.65,0.00,0.00,0.00,愛知,愛知,42,15:13,サンケイスポーツ杯,選抜戦,最終日
津,09,20260706,10R,6,4458,B1,抹香　　雄三,0,0,0.15,5.37,31.51,50.68,4.05,10.53,42.11,広島,広島,40,15:13,サンケイスポーツ杯,選抜戦,最終日
津,09,20260706,11R,1,4506,A1,稗田　　聖也,0,0,0.14,6.34,50.70,66.20,5.91,45.45,63.64,福岡,福岡,38,15:47,サンケイスポーツ杯,選抜戦,最終日
津,09,20260706,11R,2,3550,B1,都築　　正治,0,0,0.16,5.55,40.18,53.57,5.59,37.84,54.05,愛知,愛知,55,15:47,サンケイスポーツ杯,選抜戦,最終日
津,09,20260706,11R,3,3813,A1,佐藤　　大介,0,0,0.16,6.87,51.52,74.75,5.21,29.17,45.83,愛知,愛知,50,15:47,サンケイスポーツ杯,選抜戦,最終日
津,09,20260706,11R,4,4057,A2,松井　　賢治,0,0,0.15,5.89,44.44,58.97,5.63,30.00,56.67,兵庫,兵庫,47,15:47,サンケイスポーツ杯,選抜戦,最終日
津,09,20260706,11R,5,4905,B1,土井　　祥伍,0,0,0.21,4.47,20.59,38.24,4.73,18.18,54.55,大阪,大阪,31,15:47,サンケイスポーツ杯,選抜戦,最終日
津,09,20260706,11R,6,3717,A2,立間　　充宏,0,0,0.18,5.50,30.26,50.00,4.36,28.57,35.71,岡山,岡山,51,15:47,サンケイスポーツ杯,選抜戦,最終日
津,09,20260706,12R,1,3721,A1,守田　　俊介,0,0,0.13,6.26,38.14,52.58,6.44,25.00,56.25,滋賀,京都,50,16:25,サンケイスポーツ杯,優勝戦,最終日
津,09,20260706,12R,2,4168,A1,石野　　貴之,1,0,0.14,6.85,43.48,61.96,8.40,90.00,90.00,大阪,大阪,44,16:25,サンケイスポーツ杯,優勝戦,最終日
津,09,20260706,12R,3,3946,A1,赤岩　　善生,0,0,0.15,6.94,47.37,68.42,7.85,46.15,61.54,愛知,愛知,50,16:25,サンケイスポーツ杯,優勝戦,最終日
津,09,20260706,12R,4,4754,A2,松尾　　　充,0,0,0.15,6.28,43.09,56.91,6.97,55.94,72.03,三重,三重,37,16:25,サンケイスポーツ杯,優勝戦,最終日
津,09,20260706,12R,5,3350,B1,藤本　　佳史,0,0,0.17,4.72,28.89,43.33,5.48,35.00,60.00,山口,山口,58,16:25,サンケイスポーツ杯,優勝戦,最終日
津,09,20260706,12R,6,3422,A2,服部　　幸男,0,0,0.14,6.10,43.22,55.08,5.42,35.48,48.39,静岡,静岡,55,16:25,サンケイスポーツ杯,優勝戦,最終日
尼崎,13,20260706,1R,1,5105,B1,富田　　恕生,0,0,0.18,4.20,20.73,36.59,4.00,28.57,28.57,福岡,静岡,27,10:35,スポーツニッポン杯争奪伊丹市施行７３周年記念競走,朝からセンプル,４日目
尼崎,13,20260706,1R,2,3870,B1,寺嶋　　　雄,0,0,0.18,4.59,23.53,38.82,4.32,16.00,32.00,福井,福井,50,10:35,スポーツニッポン杯争奪伊丹市施行７３周年記念競走,朝からセンプル,４日目
尼崎,13,20260706,1R,3,4545,A1,岡村　　慶太,0,0,0.15,7.22,59.80,75.49,4.18,17.65,23.53,福岡,福岡,38,10:35,スポーツニッポン杯争奪伊丹市施行７３周年記念競走,朝からセンプル,４日目
尼崎,13,20260706,1R,4,5456,B2,今村　天次朗,0,0,,1.81,0.00,0.00,2.14,0.00,0.00,兵庫,兵庫,20,10:35,スポーツニッポン杯争奪伊丹市施行７３周年記念競走,朝からセンプル,４日目
尼崎,13,20260706,1R,5,3401,B1,上田　　隆章,0,0,0.22,4.41,24.10,39.76,2.44,11.11,22.22,香川,高知,58,10:35,スポーツニッポン杯争奪伊丹市施行７３周年記念競走,朝からセンプル,４日目
尼崎,13,20260706,1R,6,4894,B1,原村　　拓也,0,0,0.19,4.73,23.81,42.86,4.39,27.78,33.33,香川,香川,35,10:35,スポーツニッポン杯争奪伊丹市施行７３周年記念競走,朝からセンプル,４日目
尼崎,13,20260706,2R,1,4998,B2,中村　かなえ,0,0,0.14,4.37,27.12,35.59,4.75,25.00,50.00,東京,東京,32,10:58,スポーツニッポン杯争奪伊丹市施行７３周年記念競走,予選,４日目
尼崎,13,20260706,2R,2,4759,A1,今泉　　友吾,0,0,0.16,7.00,45.56,71.11,6.71,61.90,71.43,東京,東京,36,10:58,スポーツニッポン杯争奪伊丹市施行７３周年記念競走,予選,４日目
尼崎,13,20260706,2R,3,3576,A1,白水　　勝也,0,0,0.17,6.59,46.24,75.27,0.00,0.00,0.00,福岡,福岡,53,10:58,スポーツニッポン杯争奪伊丹市施行７３周年記念競走,予選,４日目
尼崎,13,20260706,2R,4,3730,B1,塩崎　　優司,0,0,0.17,5.08,35.06,50.65,5.46,35.14,48.65,愛知,愛知,54,10:58,スポーツニッポン杯争奪伊丹市施行７３周年記念競走,予選,４日目
尼崎,13,20260706,2R,5,4892,B1,柴田　　直哉,0,0,0.19,5.12,32.88,50.68,4.92,30.77,46.15,福岡,福岡,36,10:58,スポーツニッポン杯争奪伊丹市施行７３周年記念競走,予選,４日目
尼崎,13,20260706,2R,6,5418,B2,堀内　　亜海,1,0,0.20,1.13,0.00,0.00,0.93,0.00,0.00,大阪,大阪,20,10:58,スポーツニッポン杯争奪伊丹市施行７３周年記念競走,予選,４日目
尼崎,13,20260706,3R,1,4664,B1,東口　　　晃,0,0,0.20,4.08,17.89,31.58,0.00,0.00,0.00,福井,石川,42,11:25,スポーツニッポン杯争奪伊丹市施行７３周年記念競走,予選,４日目
尼崎,13,20260706,3R,2,4764,B1,小池　　礼乃,1,0,0.16,5.17,32.76,50.00,0.00,0.00,0.00,福岡,福岡,36,11:25,スポーツニッポン杯争奪伊丹市施行７３周年記念競走,予選,４日目
尼崎,13,20260706,3R,3,4372,A2,原田　　佑実,0,0,0.17,6.09,43.82,60.67,4.60,20.00,50.00,大阪,愛知,38,11:25,スポーツニッポン杯争奪伊丹市施行７３周年記念競走,予選,４日目
尼崎,13,20260706,3R,4,4184,A1,渡邊　雄一郎,0,0,0.17,7.00,52.69,73.12,6.39,41.18,70.59,大阪,大阪,40,11:25,スポーツニッポン杯争奪伊丹市施行７３周年記念競走,予選,４日目
尼崎,13,20260706,3R,5,3710,B1,吉永　　泰弘,0,0,0.18,4.67,23.86,40.91,5.11,11.11,44.44,香川,香川,51,11:25,スポーツニッポン杯争奪伊丹市施行７３周年記念競走,予選,４日目
尼崎,13,20260706,3R,6,4055,A2,吉田　　俊彦,0,0,0.15,6.77,51.61,67.74,6.63,48.92,62.59,兵庫,兵庫,48,11:25,スポーツニッポン杯争奪伊丹市施行７３周年記念競走,予選,４日目
尼崎,13,20260706,4R,1,4007,B1,榮田　　将彦,0,0,0.14,4.35,22.22,40.74,5.33,40.00,53.33,山口,山口,47,11:52,スポーツニッポン杯争奪伊丹市施行７３周年記念競走,予選,４日目
尼崎,13,20260706,4R,2,4298,A2,宮下　　元胤,0,0,0.16,5.96,40.71,63.72,0.00,0.00,0.00,愛知,愛知,43,11:52,スポーツニッポン杯争奪伊丹市施行７３周年記念競走,予選,４日目
尼崎,13,20260706,4R,3,3577,B1,向所　　浩二,0,0,0.17,4.70,20.27,40.54,5.41,33.33,48.15,兵庫,兵庫,53,11:52,スポーツニッポン杯争奪伊丹市施行７３周年記念競走,予選,４日目
尼崎,13,20260706,4R,4,4569,B1,中澤　　宏奈,0,0,0.17,4.95,33.70,44.57,4.88,31.25,43.75,東京,東京,38,11:52,スポーツニッポン杯争奪伊丹市施行７３周年記念競走,予選,４日目
尼崎,13,20260706,4R,5,4387,A1,平山　　智加,0,0,0.15,6.80,47.41,69.83,7.11,63.16,73.68,香川,香川,40,11:52,スポーツニッポン杯争奪伊丹市施行７３周年記念競走,予選,４日目
尼崎,13,20260706,4R,6,4748,A1,渡邉　　雄朗,1,0,0.16,6.31,43.02,63.95,7.10,60.00,80.00,東京,千葉,40,11:52,スポーツニッポン杯争奪伊丹市施行７３周年記念競走,予選,４日目
尼崎,13,20260706,5R,1,4438,B1,森作　　雄大,0,0,0.13,5.02,34.58,43.93,4.50,12.50,25.00,東京,茨城,39,12:21,スポーツニッポン杯争奪伊丹市施行７３周年記念競走,予選,４日目
尼崎,13,20260706,5R,2,4015,A2,前野　　竜一,0,0,0.16,6.05,39.05,60.95,4.61,22.22,27.78,山口,山口,46,12:21,スポーツニッポン杯争奪伊丹市施行７３周年記念競走,予選,４日目
尼崎,13,20260706,5R,3,3831,B1,安藤　　裕貴,0,0,0.15,4.49,29.41,41.18,5.00,30.77,46.15,愛知,愛知,51,12:21,スポーツニッポン杯争奪伊丹市施行７３周年記念競走,予選,４日目
尼崎,13,20260706,5R,4,4068,B1,幸田　　智裕,0,0,0.17,4.76,22.47,48.31,5.21,26.32,52.63,静岡,静岡,46,12:21,スポーツニッポン杯争奪伊丹市施行７３周年記念競走,予選,４日目
尼崎,13,20260706,5R,5,5456,B2,今村　天次朗,0,0,,1.81,0.00,0.00,2.14,0.00,0.00,兵庫,兵庫,20,12:21,スポーツニッポン杯争奪伊丹市施行７３周年記念競走,予選,４日目
尼崎,13,20260706,5R,6,3415,A1,松井　　　繁,0,0,0.14,7.10,41.90,61.90,6.63,33.33,54.90,大阪,大阪,56,12:21,スポーツニッポン杯争奪伊丹市施行７３周年記念競走,予選,４日目
尼崎,13,20260706,6R,1,4906,A2,鈴木　　雅希,0,0,0.18,5.27,35.59,50.85,6.10,40.00,70.00,東京,神奈川,31,12:47,スポーツニッポン杯争奪伊丹市施行７３周年記念競走,昼どきピンクル,４日目
尼崎,13,20260706,6R,2,4060,B1,島田　　一生,0,0,0.16,4.45,26.15,41.54,0.00,0.00,0.00,福岡,福岡,47,12:47,スポーツニッポン杯争奪伊丹市施行７３周年記念競走,昼どきピンクル,４日目
尼崎,13,20260706,6R,3,4835,B1,橋本　　　明,0,0,0.15,5.14,27.06,50.59,5.00,33.33,50.00,広島,広島,38,12:47,スポーツニッポン杯争奪伊丹市施行７３周年記念競走,昼どきピンクル,４日目
尼崎,13,20260706,6R,4,4324,A1,海野　康志郎,0,0,0.13,7.25,54.92,66.39,6.40,40.00,60.00,山口,山口,38,12:47,スポーツニッポン杯争奪伊丹市施行７３周年記念競走,昼どきピンクル,４日目
尼崎,13,20260706,6R,5,5264,B1,登　　みひ果,1,0,0.15,5.03,26.00,47.00,4.35,22.01,36.48,兵庫,兵庫,26,12:47,スポーツニッポン杯争奪伊丹市施行７３周年記念競走,昼どきピンクル,４日目
尼崎,13,20260706,6R,6,5046,B1,松山　　裕基,1,0,0.17,3.89,17.14,28.57,4.26,22.58,32.26,大阪,大阪,32,12:47,スポーツニッポン杯争奪伊丹市施行７３周年記念競走,昼どきピンクル,４日目
尼崎,13,20260706,7R,1,4834,A2,浜本　　裕己,0,0,0.15,5.55,35.59,55.08,5.00,32.00,44.00,大阪,大阪,38,13:20,スポーツニッポン杯争奪伊丹市施行７３周年記念競走,予選,４日目
尼崎,13,20260706,7R,2,4902,B1,山川　　雄大,0,0,0.20,4.84,31.25,48.75,4.93,31.03,49.43,兵庫,兵庫,33,13:20,スポーツニッポン杯争奪伊丹市施行７３周年記念競走,予選,４日目
尼崎,13,20260706,7R,3,3489,A2,大場　　　敏,0,0,0.16,5.84,39.82,58.41,4.80,20.00,60.00,静岡,静岡,59,13:20,スポーツニッポン杯争奪伊丹市施行７３周年記念競走,予選,４日目
尼崎,13,20260706,7R,4,3401,B1,上田　　隆章,0,0,0.22,4.41,24.10,39.76,2.44,11.11,22.22,香川,高知,58,13:20,スポーツニッポン杯争奪伊丹市施行７３周年記念競走,予選,４日目
尼崎,13,20260706,7R,5,4016,B1,西川　新太郎,0,0,0.16,5.65,39.24,59.49,4.81,31.25,37.50,愛知,愛知,46,13:20,スポーツニッポン杯争奪伊丹市施行７３周年記念競走,予選,４日目
尼崎,13,20260706,7R,6,4759,A1,今泉　　友吾,0,0,0.16,7.00,45.56,71.11,6.71,61.90,71.43,東京,東京,36,13:20,スポーツニッポン杯争奪伊丹市施行７３周年記念競走,予選,４日目
尼崎,13,20260706,8R,1,4387,A1,平山　　智加,0,0,0.15,6.80,47.41,69.83,7.11,63.16,73.68,香川,香川,40,13:52,スポーツニッポン杯争奪伊丹市施行７３周年記念競走,予選,４日目
尼崎,13,20260706,8R,2,3710,B1,吉永　　泰弘,0,0,0.18,4.67,23.86,40.91,5.11,11.11,44.44,香川,香川,51,13:52,スポーツニッポン杯争奪伊丹市施行７３周年記念競走,予選,４日目
尼崎,13,20260706,8R,3,4560,A2,庄司　樹良々,0,0,0.15,5.99,37.80,63.41,6.04,44.44,62.96,東京,東京,35,13:52,スポーツニッポン杯争奪伊丹市施行７３周年記念競走,予選,４日目
尼崎,13,20260706,8R,4,3998,B1,冨成　　謙児,0,0,0.17,4.67,29.21,39.33,5.52,36.00,48.00,佐賀,佐賀,47,13:52,スポーツニッポン杯争奪伊丹市施行７３周年記念競走,予選,４日目
尼崎,13,20260706,8R,5,5418,B2,堀内　　亜海,1,0,0.20,1.13,0.00,0.00,0.93,0.00,0.00,大阪,大阪,20,13:52,スポーツニッポン杯争奪伊丹市施行７３周年記念競走,予選,４日目
尼崎,13,20260706,8R,6,3158,A2,島川　　光男,0,0,0.15,6.13,41.46,62.20,5.75,47.22,52.78,広島,広島,61,13:52,スポーツニッポン杯争奪伊丹市施行７３周年記念競走,予選,４日目
尼崎,13,20260706,9R,1,4184,A1,渡邊　雄一郎,0,0,0.17,7.00,52.69,73.12,6.39,41.18,70.59,大阪,大阪,40,14:25,スポーツニッポン杯争奪伊丹市施行７３周年記念競走,予選特賞,４日目
尼崎,13,20260706,9R,2,4068,B1,幸田　　智裕,0,0,0.17,4.76,22.47,48.31,5.21,26.32,52.63,静岡,静岡,46,14:25,スポーツニッポン杯争奪伊丹市施行７３周年記念競走,予選特賞,４日目
尼崎,13,20260706,9R,3,3870,B1,寺嶋　　　雄,0,0,0.18,4.59,23.53,38.82,4.32,16.00,32.00,福井,福井,50,14:25,スポーツニッポン杯争奪伊丹市施行７３周年記念競走,予選特賞,４日目
尼崎,13,20260706,9R,4,4778,B1,堤　　　啓輔,0,0,0.16,5.38,35.94,53.13,7.62,61.54,84.62,佐賀,佐賀,40,14:25,スポーツニッポン杯争奪伊丹市施行７３周年記念競走,予選特賞,４日目
尼崎,13,20260706,9R,5,3577,B1,向所　　浩二,0,0,0.17,4.70,20.27,40.54,5.41,33.33,48.15,兵庫,兵庫,53,14:25,スポーツニッポン杯争奪伊丹市施行７３周年記念競走,予選特賞,４日目
尼崎,13,20260706,9R,6,3576,A1,白水　　勝也,0,0,0.17,6.59,46.24,75.27,0.00,0.00,0.00,福岡,福岡,53,14:25,スポーツニッポン杯争奪伊丹市施行７３周年記念競走,予選特賞,４日目
尼崎,13,20260706,10R,1,4545,A1,岡村　　慶太,0,0,0.15,7.22,59.80,75.49,4.18,17.65,23.53,福岡,福岡,38,14:58,スポーツニッポン杯争奪伊丹市施行７３周年記念競走,予選特賞,４日目
尼崎,13,20260706,10R,2,4007,B1,榮田　　将彦,0,0,0.14,4.35,22.22,40.74,5.33,40.00,53.33,山口,山口,47,14:58,スポーツニッポン杯争奪伊丹市施行７３周年記念競走,予選特賞,４日目
尼崎,13,20260706,10R,3,4438,B1,森作　　雄大,0,0,0.13,5.02,34.58,43.93,4.50,12.50,25.00,東京,茨城,39,14:58,スポーツニッポン杯争奪伊丹市施行７３周年記念競走,予選特賞,４日目
尼崎,13,20260706,10R,4,5326,B1,三嶌　さらら,0,0,0.19,5.18,31.25,45.54,2.52,8.00,16.00,香川,香川,22,14:58,スポーツニッポン杯争奪伊丹市施行７３周年記念競走,予選特賞,４日目
尼崎,13,20260706,10R,5,4060,B1,島田　　一生,0,0,0.16,4.45,26.15,41.54,0.00,0.00,0.00,福岡,福岡,47,14:58,スポーツニッポン杯争奪伊丹市施行７３周年記念競走,予選特賞,４日目
尼崎,13,20260706,10R,6,4372,A2,原田　　佑実,0,0,0.17,6.09,43.82,60.67,4.60,20.00,50.00,大阪,愛知,38,14:58,スポーツニッポン杯争奪伊丹市施行７３周年記念競走,予選特賞,４日目
尼崎,13,20260706,11R,1,4298,A2,宮下　　元胤,0,0,0.16,5.96,40.71,63.72,0.00,0.00,0.00,愛知,愛知,43,15:37,スポーツニッポン杯争奪伊丹市施行７３周年記念競走,予選特選,４日目
尼崎,13,20260706,11R,2,5105,B1,富田　　恕生,0,0,0.18,4.20,20.73,36.59,4.00,28.57,28.57,福岡,静岡,27,15:37,スポーツニッポン杯争奪伊丹市施行７３周年記念競走,予選特選,４日目
尼崎,13,20260706,11R,3,3415,A1,松井　　　繁,0,0,0.14,7.10,41.90,61.90,6.63,33.33,54.90,大阪,大阪,56,15:37,スポーツニッポン杯争奪伊丹市施行７３周年記念競走,予選特選,４日目
尼崎,13,20260706,11R,4,4764,B1,小池　　礼乃,1,0,0.16,5.17,32.76,50.00,0.00,0.00,0.00,福岡,福岡,36,15:37,スポーツニッポン杯争奪伊丹市施行７３周年記念競走,予選特選,４日目
尼崎,13,20260706,11R,5,3489,A2,大場　　　敏,0,0,0.16,5.84,39.82,58.41,4.80,20.00,60.00,静岡,静岡,59,15:37,スポーツニッポン杯争奪伊丹市施行７３周年記念競走,予選特選,４日目
尼崎,13,20260706,11R,6,4927,A2,関野　　　文,0,0,0.16,5.82,39.22,58.82,5.68,40.54,56.76,大阪,大阪,32,15:37,スポーツニッポン杯争奪伊丹市施行７３周年記念競走,予選特選,４日目
尼崎,13,20260706,12R,1,4324,A1,海野　康志郎,0,0,0.13,7.25,54.92,66.39,6.40,40.00,60.00,山口,山口,38,16:20,スポーツニッポン杯争奪伊丹市施行７３周年記念競走,予選特選,４日目
尼崎,13,20260706,12R,2,4055,A2,吉田　　俊彦,0,0,0.15,6.77,51.61,67.74,6.63,48.92,62.59,兵庫,兵庫,48,16:20,スポーツニッポン杯争奪伊丹市施行７３周年記念競走,予選特選,４日目
尼崎,13,20260706,12R,3,4834,A2,浜本　　裕己,0,0,0.15,5.55,35.59,55.08,5.00,32.00,44.00,大阪,大阪,38,16:20,スポーツニッポン杯争奪伊丹市施行７３周年記念競走,予選特選,４日目
尼崎,13,20260706,12R,4,4015,A2,前野　　竜一,0,0,0.16,6.05,39.05,60.95,4.61,22.22,27.78,山口,山口,46,16:20,スポーツニッポン杯争奪伊丹市施行７３周年記念競走,予選特選,４日目
尼崎,13,20260706,12R,5,4560,A2,庄司　樹良々,0,0,0.15,5.99,37.80,63.41,6.04,44.44,62.96,東京,東京,35,16:20,スポーツニッポン杯争奪伊丹市施行７３周年記念競走,予選特選,４日目
尼崎,13,20260706,12R,6,4892,B1,柴田　　直哉,0,0,0.19,5.12,32.88,50.68,4.92,30.77,46.15,福岡,福岡,36,16:20,スポーツニッポン杯争奪伊丹市施行７３周年記念競走,予選特選,４日目
徳山,18,20260706,1R,1,4058,A1,野末　　智一,0,0,0.19,6.02,43.33,60.83,5.59,29.41,58.82,静岡,静岡,47,08:44,中日スポーツ杯争奪戦,朝トク予選,３日目
徳山,18,20260706,1R,2,4167,B1,片岡　　秀樹,0,0,0.16,3.89,10.67,30.67,4.04,18.52,33.33,徳島,徳島,44,08:44,中日スポーツ杯争奪戦,朝トク予選,３日目
徳山,18,20260706,1R,3,3868,B1,尾形　　栄治,0,0,0.21,4.75,23.81,46.43,4.63,25.00,37.50,東京,東京,50,08:44,中日スポーツ杯争奪戦,朝トク予選,３日目
徳山,18,20260706,1R,4,5114,B1,小林　　孝彰,0,0,0.16,5.91,43.97,63.79,5.07,21.43,53.57,福井,石川,26,08:44,中日スポーツ杯争奪戦,朝トク予選,３日目
徳山,18,20260706,1R,5,3361,B1,岡部　　　浩,0,0,0.19,4.51,26.47,39.71,4.00,23.08,34.62,徳島,徳島,57,08:44,中日スポーツ杯争奪戦,朝トク予選,３日目
徳山,18,20260706,1R,6,3843,B1,上之　　晃弘,0,0,0.16,5.25,33.70,47.83,4.29,14.29,57.14,長崎,長崎,49,08:44,中日スポーツ杯争奪戦,朝トク予選,３日目
徳山,18,20260706,2R,1,4361,A1,柳生　　泰二,0,0,0.14,7.14,53.19,67.02,6.38,43.06,56.94,山口,山口,41,09:10,中日スポーツ杯争奪戦,狙いトク特選,３日目
徳山,18,20260706,2R,2,4753,B2,森　　　照夫,0,0,0.14,4.20,30.00,35.00,6.10,60.00,70.00,福岡,福岡,37,09:10,中日スポーツ杯争奪戦,狙いトク特選,３日目
徳山,18,20260706,2R,3,4549,A2,小林　　文彦,0,0,0.19,6.24,41.77,65.82,0.00,0.00,0.00,福岡,福岡,37,09:10,中日スポーツ杯争奪戦,狙いトク特選,３日目
徳山,18,20260706,2R,4,4116,B1,川田　　正人,1,0,0.18,4.56,14.29,44.29,5.66,41.38,58.62,徳島,徳島,45,09:10,中日スポーツ杯争奪戦,狙いトク特選,３日目
徳山,18,20260706,2R,5,4210,A2,松村　　康太,0,0,0.17,5.57,30.69,59.41,6.67,55.56,66.67,福井,福井,43,09:10,中日スポーツ杯争奪戦,狙いトク特選,３日目
徳山,18,20260706,2R,6,4603,B1,谷川　　将太,0,0,0.16,5.53,37.50,58.33,5.59,37.93,58.62,長崎,長崎,38,09:10,中日スポーツ杯争奪戦,狙いトク特選,３日目
徳山,18,20260706,3R,1,3612,A1,馬袋　　義則,0,0,0.14,7.00,57.98,75.63,6.06,40.00,60.00,兵庫,兵庫,53,09:36,中日スポーツ杯争奪戦,決めトク特賞,３日目
徳山,18,20260706,3R,2,4619,B1,伏田　　裕隆,0,0,0.17,4.92,31.31,42.42,0.00,0.00,0.00,東京,千葉,43,09:36,中日スポーツ杯争奪戦,決めトク特賞,３日目
徳山,18,20260706,3R,3,4272,B1,大場　　広孝,0,0,0.17,5.15,29.17,47.22,4.76,26.19,42.86,福岡,福岡,44,09:36,中日スポーツ杯争奪戦,決めトク特賞,３日目
徳山,18,20260706,3R,4,5228,A2,若林　　樹蘭,0,0,0.17,5.38,29.69,51.56,5.11,22.22,33.33,東京,山梨,23,09:36,中日スポーツ杯争奪戦,決めトク特賞,３日目
徳山,18,20260706,3R,5,4463,A2,三苫　　晃幸,0,0,0.15,6.48,48.75,70.00,5.56,38.89,55.56,福岡,福岡,40,09:36,中日スポーツ杯争奪戦,決めトク特賞,３日目
徳山,18,20260706,3R,6,3477,B1,近藤　　稔也,0,0,0.19,3.60,10.96,27.40,0.00,0.00,0.00,徳島,徳島,55,09:36,中日スポーツ杯争奪戦,決めトク特賞,３日目
徳山,18,20260706,4R,1,3349,A1,吉田　　一郎,0,0,0.17,6.76,52.56,76.92,6.37,49.02,60.78,長崎,長崎,58,10:02,中日スポーツ杯争奪戦,ガチトク予選,３日目
徳山,18,20260706,4R,2,4413,A2,水摩　　　敦,0,0,0.18,5.86,36.94,64.86,5.55,27.27,54.55,福岡,福岡,40,10:02,中日スポーツ杯争奪戦,ガチトク予選,３日目
徳山,18,20260706,4R,3,3293,B1,宮内　由紀英,0,0,0.20,3.44,10.29,25.00,3.33,11.11,33.33,東京,東京,60,10:02,中日スポーツ杯争奪戦,ガチトク予選,３日目
徳山,18,20260706,4R,4,3809,B1,吉田　　　光,0,0,0.19,4.00,9.43,37.74,3.74,21.05,42.11,佐賀,佐賀,51,10:02,中日スポーツ杯争奪戦,ガチトク予選,３日目
徳山,18,20260706,4R,5,3901,B2,松田　　憲幸,0,0,0.22,4.53,30.68,42.05,4.80,28.57,44.64,山口,山口,49,10:02,中日スポーツ杯争奪戦,ガチトク予選,３日目
徳山,18,20260706,4R,6,4957,B1,竹之内　　極,0,0,0.17,5.46,33.33,55.56,4.00,25.00,32.14,福岡,鹿児島,31,10:02,中日スポーツ杯争奪戦,ガチトク予選,３日目
徳山,18,20260706,5R,1,3714,B1,梶原　　　正,0,0,0.16,4.59,26.67,40.00,4.26,28.57,34.29,福岡,福岡,51,10:30,中日スポーツ杯争奪戦,予選,３日目
徳山,18,20260706,5R,2,4315,B1,山崎　　昂介,0,0,0.18,5.23,34.48,44.83,5.04,36.00,36.00,長崎,長崎,42,10:30,中日スポーツ杯争奪戦,予選,３日目
徳山,18,20260706,5R,3,3711,A2,江本　　真治,1,0,0.15,6.15,43.55,67.74,6.38,47.83,64.35,山口,山口,51,10:30,中日スポーツ杯争奪戦,予選,３日目
徳山,18,20260706,5R,4,2538,B1,高橋　　二朗,0,0,0.21,3.34,6.10,20.73,2.13,0.00,6.67,東京,千葉,77,10:30,中日スポーツ杯争奪戦,予選,３日目
徳山,18,20260706,5R,5,5307,B1,富永　夏哉人,0,0,0.19,4.46,25.81,39.78,2.84,10.53,10.53,佐賀,佐賀,22,10:30,中日スポーツ杯争奪戦,予選,３日目
徳山,18,20260706,5R,6,3743,A1,林　　　美憲,0,0,0.15,5.00,35.16,46.15,5.50,33.33,66.67,徳島,徳島,51,10:30,中日スポーツ杯争奪戦,予選,３日目
徳山,18,20260706,6R,1,5286,B1,坂井　　滉哉,0,0,0.16,4.72,24.14,43.68,3.48,12.00,28.00,福岡,福岡,27,11:00,中日スポーツ杯争奪戦,予選,３日目
徳山,18,20260706,6R,2,4058,A1,野末　　智一,0,0,0.19,6.02,43.33,60.83,5.59,29.41,58.82,静岡,静岡,47,11:00,中日スポーツ杯争奪戦,予選,３日目
徳山,18,20260706,6R,3,4259,A2,真庭　　明志,0,0,0.15,5.54,35.25,58.20,5.47,43.33,46.67,長崎,長崎,42,11:00,中日スポーツ杯争奪戦,予選,３日目
徳山,18,20260706,6R,4,4988,B1,牟田　　奨太,0,0,0.15,4.45,31.71,40.24,3.00,25.00,25.00,静岡,長崎,29,11:00,中日スポーツ杯争奪戦,予選,３日目
徳山,18,20260706,6R,5,4695,A2,尾崎　　雄二,0,0,0.15,5.57,43.04,53.16,5.29,35.71,50.00,長崎,長崎,40,11:00,中日スポーツ杯争奪戦,予選,３日目
徳山,18,20260706,6R,6,5468,B2,山口　　隼人,0,0,,1.42,0.00,0.00,0.00,0.00,0.00,福岡,熊本,19,11:00,中日スポーツ杯争奪戦,予選,３日目
徳山,18,20260706,7R,1,4167,B1,片岡　　秀樹,0,0,0.16,3.89,10.67,30.67,4.04,18.52,33.33,徳島,徳島,44,11:31,中日スポーツ杯争奪戦,予選,３日目
徳山,18,20260706,7R,2,4995,B1,田邉　　亮蔵,0,0,0.19,4.56,25.97,37.66,4.21,20.69,34.48,東京,千葉,35,11:31,中日スポーツ杯争奪戦,予選,３日目
徳山,18,20260706,7R,3,5228,A2,若林　　樹蘭,0,0,0.17,5.38,29.69,51.56,5.11,22.22,33.33,東京,山梨,23,11:31,中日スポーツ杯争奪戦,予選,３日目
徳山,18,20260706,7R,4,4603,B1,谷川　　将太,0,0,0.16,5.53,37.50,58.33,5.59,37.93,58.62,長崎,長崎,38,11:31,中日スポーツ杯争奪戦,予選,３日目
徳山,18,20260706,7R,5,3744,A1,徳増　　秀樹,0,0,0.14,6.44,45.38,60.50,6.39,46.43,64.29,静岡,静岡,51,11:31,中日スポーツ杯争奪戦,予選,３日目
徳山,18,20260706,7R,6,3745,B1,橋本　　年光,0,0,0.19,5.24,30.26,51.32,5.85,38.89,59.26,兵庫,兵庫,51,11:31,中日スポーツ杯争奪戦,予選,３日目
徳山,18,20260706,8R,1,3901,B2,松田　　憲幸,0,0,0.22,4.53,30.68,42.05,4.80,28.57,44.64,山口,山口,49,12:00,中日スポーツ杯争奪戦,予選,３日目
徳山,18,20260706,8R,2,4116,B1,川田　　正人,1,0,0.18,4.56,14.29,44.29,5.66,41.38,58.62,徳島,徳島,45,12:00,中日スポーツ杯争奪戦,予選,３日目
徳山,18,20260706,8R,3,5114,B1,小林　　孝彰,0,0,0.16,5.91,43.97,63.79,5.07,21.43,53.57,福井,石川,26,12:00,中日スポーツ杯争奪戦,予選,３日目
徳山,18,20260706,8R,4,4515,A2,藤田　　浩人,0,0,0.17,6.10,38.98,63.56,6.25,37.50,62.50,佐賀,佐賀,40,12:00,中日スポーツ杯争奪戦,予選,３日目
徳山,18,20260706,8R,5,4619,B1,伏田　　裕隆,0,0,0.17,4.92,31.31,42.42,0.00,0.00,0.00,東京,千葉,43,12:00,中日スポーツ杯争奪戦,予選,３日目
徳山,18,20260706,8R,6,4644,A1,山田　　亮太,0,0,0.14,6.47,47.41,68.10,5.95,40.91,63.64,東京,東京,47,12:00,中日スポーツ杯争奪戦,予選,３日目
徳山,18,20260706,9R,1,4210,A2,松村　　康太,0,0,0.17,5.57,30.69,59.41,6.67,55.56,66.67,福井,福井,43,12:31,中日スポーツ杯争奪戦,推しトク特賞,３日目
徳山,18,20260706,9R,2,3714,B1,梶原　　　正,0,0,0.16,4.59,26.67,40.00,4.26,28.57,34.29,福岡,福岡,51,12:31,中日スポーツ杯争奪戦,推しトク特賞,３日目
徳山,18,20260706,9R,3,4463,A2,三苫　　晃幸,0,0,0.15,6.48,48.75,70.00,5.56,38.89,55.56,福岡,福岡,40,12:31,中日スポーツ杯争奪戦,推しトク特賞,３日目
徳山,18,20260706,9R,4,4003,B1,表　　　憲一,0,0,0.18,5.63,36.11,59.72,5.50,25.00,50.00,福井,石川,48,12:31,中日スポーツ杯争奪戦,推しトク特賞,３日目
徳山,18,20260706,9R,5,3349,A1,吉田　　一郎,0,0,0.17,6.76,52.56,76.92,6.37,49.02,60.78,長崎,長崎,58,12:31,中日スポーツ杯争奪戦,推しトク特賞,３日目
徳山,18,20260706,9R,6,3868,B1,尾形　　栄治,0,0,0.21,4.75,23.81,46.43,4.63,25.00,37.50,東京,東京,50,12:31,中日スポーツ杯争奪戦,推しトク特賞,３日目
徳山,18,20260706,10R,1,2538,B1,高橋　　二朗,0,0,0.21,3.34,6.10,20.73,2.13,0.00,6.67,東京,千葉,77,13:05,中日スポーツ杯争奪戦,予選,３日目
徳山,18,20260706,10R,2,3779,A1,原田　　幸哉,1,0,0.12,6.31,33.33,47.22,8.50,78.57,85.71,長崎,愛知,50,13:05,中日スポーツ杯争奪戦,予選,３日目
徳山,18,20260706,10R,3,4753,B2,森　　　照夫,0,0,0.14,4.20,30.00,35.00,6.10,60.00,70.00,福岡,福岡,37,13:05,中日スポーツ杯争奪戦,予選,３日目
徳山,18,20260706,10R,4,3477,B1,近藤　　稔也,0,0,0.19,3.60,10.96,27.40,0.00,0.00,0.00,徳島,徳島,55,13:05,中日スポーツ杯争奪戦,予選,３日目
徳山,18,20260706,10R,5,3809,B1,吉田　　　光,0,0,0.19,4.00,9.43,37.74,3.74,21.05,42.11,佐賀,佐賀,51,13:05,中日スポーツ杯争奪戦,予選,３日目
徳山,18,20260706,10R,6,4259,A2,真庭　　明志,0,0,0.15,5.54,35.25,58.20,5.47,43.33,46.67,長崎,長崎,42,13:05,中日スポーツ杯争奪戦,予選,３日目
徳山,18,20260706,11R,1,3293,B1,宮内　由紀英,0,0,0.20,3.44,10.29,25.00,3.33,11.11,33.33,東京,東京,60,13:38,中日スポーツ杯争奪戦,予選,３日目
徳山,18,20260706,11R,2,3612,A1,馬袋　　義則,0,0,0.14,7.00,57.98,75.63,6.06,40.00,60.00,兵庫,兵庫,53,13:38,中日スポーツ杯争奪戦,予選,３日目
徳山,18,20260706,11R,3,4988,B1,牟田　　奨太,0,0,0.15,4.45,31.71,40.24,3.00,25.00,25.00,静岡,長崎,29,13:38,中日スポーツ杯争奪戦,予選,３日目
徳山,18,20260706,11R,4,3745,B1,橋本　　年光,0,0,0.19,5.24,30.26,51.32,5.85,38.89,59.26,兵庫,兵庫,51,13:38,中日スポーツ杯争奪戦,予選,３日目
徳山,18,20260706,11R,5,4549,A2,小林　　文彦,0,0,0.19,6.24,41.77,65.82,0.00,0.00,0.00,福岡,福岡,37,13:38,中日スポーツ杯争奪戦,予選,３日目
徳山,18,20260706,11R,6,3361,B1,岡部　　　浩,0,0,0.19,4.51,26.47,39.71,4.00,23.08,34.62,徳島,徳島,57,13:38,中日スポーツ杯争奪戦,予選,３日目
徳山,18,20260706,12R,1,3744,A1,徳増　　秀樹,0,0,0.14,6.44,45.38,60.50,6.39,46.43,64.29,静岡,静岡,51,14:14,中日スポーツ杯争奪戦,すなっち特選,３日目
徳山,18,20260706,12R,2,4695,A2,尾崎　　雄二,0,0,0.15,5.57,43.04,53.16,5.29,35.71,50.00,長崎,長崎,40,14:14,中日スポーツ杯争奪戦,すなっち特選,３日目
徳山,18,20260706,12R,3,5307,B1,富永　夏哉人,0,0,0.19,4.46,25.81,39.78,2.84,10.53,10.53,佐賀,佐賀,22,14:14,中日スポーツ杯争奪戦,すなっち特選,３日目
徳山,18,20260706,12R,4,4644,A1,山田　　亮太,0,0,0.14,6.47,47.41,68.10,5.95,40.91,63.64,東京,東京,47,14:14,中日スポーツ杯争奪戦,すなっち特選,３日目
徳山,18,20260706,12R,5,4413,A2,水摩　　　敦,0,0,0.18,5.86,36.94,64.86,5.55,27.27,54.55,福岡,福岡,40,14:14,中日スポーツ杯争奪戦,すなっち特選,３日目
徳山,18,20260706,12R,6,4272,B1,大場　　広孝,0,0,0.17,5.15,29.17,47.22,4.76,26.19,42.86,福岡,福岡,44,14:14,中日スポーツ杯争奪戦,すなっち特選,３日目
芦屋,21,20260706,1R,1,3385,A2,渡邉　　睦広,0,0,0.16,5.61,40.00,58.00,7.11,50.00,77.78,東京,神奈川,57,08:32,ＤＭＭボートちゃんねる杯,サンライズＶ戦,最終日
芦屋,21,20260706,1R,2,3981,B1,今坂　　晃広,0,0,0.18,3.93,18.00,29.00,3.71,11.76,17.65,静岡,静岡,48,08:32,ＤＭＭボートちゃんねる杯,サンライズＶ戦,最終日
芦屋,21,20260706,1R,3,4104,B1,木下　　陽介,0,0,0.15,3.40,13.85,26.15,4.54,20.83,41.67,東京,東京,46,08:32,ＤＭＭボートちゃんねる杯,サンライズＶ戦,最終日
芦屋,21,20260706,1R,4,3471,B1,赤峰　　和也,0,0,0.17,4.03,21.79,33.33,4.18,27.27,36.36,佐賀,佐賀,56,08:32,ＤＭＭボートちゃんねる杯,サンライズＶ戦,最終日
芦屋,21,20260706,1R,5,3478,B1,嶋田　　貴支,0,0,0.17,5.16,27.63,50.00,3.93,16.67,36.67,香川,香川,55,08:32,ＤＭＭボートちゃんねる杯,サンライズＶ戦,最終日
芦屋,21,20260706,1R,6,5429,B2,吉川　　颯汰,0,0,0.22,1.07,0.00,0.00,1.21,0.00,0.00,佐賀,佐賀,23,08:32,ＤＭＭボートちゃんねる杯,サンライズＶ戦,最終日
芦屋,21,20260706,2R,1,5257,A1,西丸　侑太朗,0,0,0.16,6.35,44.93,60.14,4.77,26.92,46.15,香川,香川,22,08:58,ＤＭＭボートちゃんねる杯,サンライズＷ戦,最終日
芦屋,21,20260706,2R,2,4006,B1,小野　　勇作,0,0,0.17,4.92,28.89,46.67,4.21,27.66,31.91,佐賀,佐賀,48,08:58,ＤＭＭボートちゃんねる杯,サンライズＷ戦,最終日
芦屋,21,20260706,2R,3,4976,B1,金山　　立樹,0,0,0.20,4.87,25.64,51.28,4.33,21.21,39.39,東京,神奈川,32,08:58,ＤＭＭボートちゃんねる杯,サンライズＷ戦,最終日
芦屋,21,20260706,2R,4,3265,A2,今村　　暢孝,1,0,0.15,6.15,45.33,62.67,6.46,51.47,66.18,福岡,福岡,61,08:58,ＤＭＭボートちゃんねる杯,サンライズＷ戦,最終日
芦屋,21,20260706,2R,5,4368,B1,山口　　隆史,0,0,0.20,3.91,19.12,27.94,3.94,18.87,30.19,福岡,福岡,40,08:58,ＤＭＭボートちゃんねる杯,サンライズＷ戦,最終日
芦屋,21,20260706,2R,6,3211,B1,北川　　敏弘,0,0,0.18,4.18,16.39,31.15,4.36,21.43,35.71,佐賀,佐賀,64,08:58,ＤＭＭボートちゃんねる杯,サンライズＷ戦,最終日
芦屋,21,20260706,3R,1,4472,A1,尾嶋　　一広,0,0,0.16,6.26,40.38,58.65,6.45,48.28,68.97,兵庫,兵庫,39,09:24,ＤＭＭボートちゃんねる杯,サンライズＸ戦,最終日
芦屋,21,20260706,3R,2,4031,B1,飯島　　　誠,0,0,0.17,4.85,30.38,45.57,4.58,31.58,42.11,埼玉,埼玉,47,09:24,ＤＭＭボートちゃんねる杯,サンライズＸ戦,最終日
芦屋,21,20260706,3R,3,5210,A2,藤井　　公人,0,0,0.15,5.38,40.91,52.27,5.66,40.63,65.63,福岡,福岡,27,09:24,ＤＭＭボートちゃんねる杯,サンライズＸ戦,最終日
芦屋,21,20260706,3R,4,5420,B2,吉原　　快誓,0,0,0.17,1.92,0.00,7.84,1.38,0.00,0.00,長崎,長崎,20,09:24,ＤＭＭボートちゃんねる杯,サンライズＸ戦,最終日
芦屋,21,20260706,3R,5,4066,A2,東本　　勝利,0,0,0.18,6.21,41.24,65.98,7.00,44.44,88.89,三重,三重,46,09:24,ＤＭＭボートちゃんねる杯,サンライズＸ戦,最終日
芦屋,21,20260706,3R,6,4705,B1,吉川　　勇作,0,0,0.15,3.36,18.39,24.14,4.39,22.22,38.89,長崎,長崎,37,09:24,ＤＭＭボートちゃんねる杯,サンライズＸ戦,最終日
芦屋,21,20260706,4R,1,4504,A1,前田　　将太,0,0,0.15,6.51,45.45,60.23,6.78,45.10,58.82,福岡,福岡,38,09:50,ＤＭＭボートちゃんねる杯,サンライズＹ戦,最終日
芦屋,21,20260706,4R,2,3752,B1,宇土　　泰就,0,0,0.17,4.39,19.51,37.80,3.40,8.00,24.00,福岡,福岡,55,09:50,ＤＭＭボートちゃんねる杯,サンライズＹ戦,最終日
芦屋,21,20260706,4R,3,4181,B1,花本　　夏樹,0,0,0.21,3.66,12.64,29.89,4.88,25.00,56.25,三重,三重,42,09:50,ＤＭＭボートちゃんねる杯,サンライズＹ戦,最終日
芦屋,21,20260706,4R,4,4144,A2,石塚　　久也,0,0,0.18,6.47,44.44,68.69,6.80,60.00,65.00,埼玉,埼玉,44,09:50,ＤＭＭボートちゃんねる杯,サンライズＹ戦,最終日
芦屋,21,20260706,4R,5,4196,B1,田中　太一郎,0,0,0.17,3.64,18.39,26.44,3.33,16.67,27.78,佐賀,佐賀,44,09:50,ＤＭＭボートちゃんねる杯,サンライズＹ戦,最終日
芦屋,21,20260706,4R,6,5385,B1,鈴木　　柊介,0,0,0.14,2.56,6.25,15.63,0.00,0.00,0.00,静岡,静岡,21,09:50,ＤＭＭボートちゃんねる杯,サンライズＹ戦,最終日
芦屋,21,20260706,5R,1,3963,A2,原田　　秀弥,0,0,0.17,5.75,36.84,60.00,0.00,0.00,0.00,大阪,奈良,47,10:18,ＤＭＭボートちゃんねる杯,サンライズＺ戦,最終日
芦屋,21,20260706,5R,2,3054,B1,北川　　幸典,0,0,0.19,5.63,34.15,59.76,4.76,23.53,47.06,広島,広島,63,10:18,ＤＭＭボートちゃんねる杯,サンライズＺ戦,最終日
芦屋,21,20260706,5R,3,4129,B1,宇野　　博之,0,0,0.18,3.87,15.71,32.86,3.67,16.67,16.67,愛知,愛知,46,10:18,ＤＭＭボートちゃんねる杯,サンライズＺ戦,最終日
芦屋,21,20260706,5R,4,3630,B1,黒田　　誠司,0,0,0.17,4.04,18.18,30.91,3.18,0.00,29.41,静岡,静岡,56,10:18,ＤＭＭボートちゃんねる杯,サンライズＺ戦,最終日
芦屋,21,20260706,5R,5,4614,A1,石倉　　洋行,1,0,0.13,6.97,54.35,73.91,6.92,54.17,75.00,福岡,福岡,46,10:18,ＤＭＭボートちゃんねる杯,サンライズＺ戦,最終日
芦屋,21,20260706,5R,6,5404,B1,内田　　　壮,0,0,0.20,1.78,2.00,8.00,1.61,0.00,5.56,山口,山口,22,10:18,ＤＭＭボートちゃんねる杯,サンライズＺ戦,最終日
芦屋,21,20260706,6R,1,3471,B1,赤峰　　和也,0,0,0.17,4.03,21.79,33.33,4.18,27.27,36.36,佐賀,佐賀,56,10:46,ＤＭＭボートちゃんねる杯,一般,最終日
芦屋,21,20260706,6R,2,5106,A2,山崎　　　祥,0,0,0.19,5.71,37.33,57.33,4.31,25.00,43.75,山口,山口,27,10:46,ＤＭＭボートちゃんねる杯,一般,最終日
芦屋,21,20260706,6R,3,4368,B1,山口　　隆史,0,0,0.20,3.91,19.12,27.94,3.94,18.87,30.19,福岡,福岡,40,10:46,ＤＭＭボートちゃんねる杯,一般,最終日
芦屋,21,20260706,6R,4,4919,B1,吉田　　翔悟,1,0,0.18,3.73,12.24,34.69,4.61,28.57,42.86,長崎,長崎,35,10:46,ＤＭＭボートちゃんねる杯,一般,最終日
芦屋,21,20260706,6R,5,5429,B2,吉川　　颯汰,0,0,0.22,1.07,0.00,0.00,1.21,0.00,0.00,佐賀,佐賀,23,10:46,ＤＭＭボートちゃんねる杯,一般,最終日
芦屋,21,20260706,6R,6,4171,A2,榎　　　幸司,0,0,0.19,6.07,41.67,59.26,5.16,26.32,52.63,長崎,長崎,43,10:46,ＤＭＭボートちゃんねる杯,一般,最終日
芦屋,21,20260706,7R,1,5292,B1,佐藤　　右京,0,0,0.23,4.02,16.05,37.04,2.67,11.11,22.22,東京,宮城,24,11:15,ＤＭＭボートちゃんねる杯,一般,最終日
芦屋,21,20260706,7R,2,4004,B1,山本　　浩輔,0,0,0.18,4.96,29.33,45.33,4.04,13.04,39.13,長崎,長崎,48,11:15,ＤＭＭボートちゃんねる杯,一般,最終日
芦屋,21,20260706,7R,3,3867,B1,松浦　　　勝,0,0,0.18,3.20,14.08,21.13,0.00,0.00,0.00,愛知,愛知,51,11:15,ＤＭＭボートちゃんねる杯,一般,最終日
芦屋,21,20260706,7R,4,3478,B1,嶋田　　貴支,0,0,0.17,5.16,27.63,50.00,3.93,16.67,36.67,香川,香川,55,11:15,ＤＭＭボートちゃんねる杯,一般,最終日
芦屋,21,20260706,7R,5,4976,B1,金山　　立樹,0,0,0.20,4.87,25.64,51.28,4.33,21.21,39.39,東京,神奈川,32,11:15,ＤＭＭボートちゃんねる杯,一般,最終日
芦屋,21,20260706,7R,6,5420,B2,吉原　　快誓,0,0,0.17,1.92,0.00,7.84,1.38,0.00,0.00,長崎,長崎,20,11:15,ＤＭＭボートちゃんねる杯,一般,最終日
芦屋,21,20260706,8R,1,4705,B1,吉川　　勇作,0,0,0.15,3.36,18.39,24.14,4.39,22.22,38.89,長崎,長崎,37,11:45,ＤＭＭボートちゃんねる杯,一般,最終日
芦屋,21,20260706,8R,2,3265,A2,今村　　暢孝,1,0,0.15,6.15,45.33,62.67,6.46,51.47,66.18,福岡,福岡,61,11:45,ＤＭＭボートちゃんねる杯,一般,最終日
芦屋,21,20260706,8R,3,3981,B1,今坂　　晃広,0,0,0.18,3.93,18.00,29.00,3.71,11.76,17.65,静岡,静岡,48,11:45,ＤＭＭボートちゃんねる杯,一般,最終日
芦屋,21,20260706,8R,4,4104,B1,木下　　陽介,0,0,0.15,3.40,13.85,26.15,4.54,20.83,41.67,東京,東京,46,11:45,ＤＭＭボートちゃんねる杯,一般,最終日
芦屋,21,20260706,8R,5,3752,B1,宇土　　泰就,0,0,0.17,4.39,19.51,37.80,3.40,8.00,24.00,福岡,福岡,55,11:45,ＤＭＭボートちゃんねる杯,一般,最終日
芦屋,21,20260706,8R,6,5426,B2,甲斐　　貴大,0,0,0.20,1.81,1.49,7.46,1.07,0.00,0.00,福岡,福岡,24,11:45,ＤＭＭボートちゃんねる杯,一般,最終日
芦屋,21,20260706,9R,1,4066,A2,東本　　勝利,0,0,0.18,6.21,41.24,65.98,7.00,44.44,88.89,三重,三重,46,12:16,ＤＭＭボートちゃんねる杯,アシ夢特選,最終日
芦屋,21,20260706,9R,2,4196,B1,田中　太一郎,0,0,0.17,3.64,18.39,26.44,3.33,16.67,27.78,佐賀,佐賀,44,12:16,ＤＭＭボートちゃんねる杯,アシ夢特選,最終日
芦屋,21,20260706,9R,3,3211,B1,北川　　敏弘,0,0,0.18,4.18,16.39,31.15,4.36,21.43,35.71,佐賀,佐賀,64,12:16,ＤＭＭボートちゃんねる杯,アシ夢特選,最終日
芦屋,21,20260706,9R,4,4031,B1,飯島　　　誠,0,0,0.17,4.85,30.38,45.57,4.58,31.58,42.11,埼玉,埼玉,47,12:16,ＤＭＭボートちゃんねる杯,アシ夢特選,最終日
芦屋,21,20260706,9R,5,3385,A2,渡邉　　睦広,0,0,0.16,5.61,40.00,58.00,7.11,50.00,77.78,東京,神奈川,57,12:16,ＤＭＭボートちゃんねる杯,アシ夢特選,最終日
芦屋,21,20260706,9R,6,4129,B1,宇野　　博之,0,0,0.18,3.87,15.71,32.86,3.67,16.67,16.67,愛知,愛知,46,12:16,ＤＭＭボートちゃんねる杯,アシ夢特選,最終日
芦屋,21,20260706,10R,1,5210,A2,藤井　　公人,0,0,0.15,5.38,40.91,52.27,5.66,40.63,65.63,福岡,福岡,27,12:49,ＤＭＭボートちゃんねる杯,選抜戦,最終日
芦屋,21,20260706,10R,2,5257,A1,西丸　侑太朗,0,0,0.16,6.35,44.93,60.14,4.77,26.92,46.15,香川,香川,22,12:49,ＤＭＭボートちゃんねる杯,選抜戦,最終日
芦屋,21,20260706,10R,3,3963,A2,原田　　秀弥,0,0,0.17,5.75,36.84,60.00,0.00,0.00,0.00,大阪,奈良,47,12:49,ＤＭＭボートちゃんねる杯,選抜戦,最終日
芦屋,21,20260706,10R,4,4006,B1,小野　　勇作,0,0,0.17,4.92,28.89,46.67,4.21,27.66,31.91,佐賀,佐賀,48,12:49,ＤＭＭボートちゃんねる杯,選抜戦,最終日
芦屋,21,20260706,10R,5,5106,A2,山崎　　　祥,0,0,0.19,5.71,37.33,57.33,4.31,25.00,43.75,山口,山口,27,12:49,ＤＭＭボートちゃんねる杯,選抜戦,最終日
芦屋,21,20260706,10R,6,3054,B1,北川　　幸典,0,0,0.19,5.63,34.15,59.76,4.76,23.53,47.06,広島,広島,63,12:49,ＤＭＭボートちゃんねる杯,選抜戦,最終日
芦屋,21,20260706,11R,1,4614,A1,石倉　　洋行,1,0,0.13,6.97,54.35,73.91,6.92,54.17,75.00,福岡,福岡,46,13:23,ＤＭＭボートちゃんねる杯,選抜戦,最終日
芦屋,21,20260706,11R,2,4472,A1,尾嶋　　一広,0,0,0.16,6.26,40.38,58.65,6.45,48.28,68.97,兵庫,兵庫,39,13:23,ＤＭＭボートちゃんねる杯,選抜戦,最終日
芦屋,21,20260706,11R,3,4919,B1,吉田　　翔悟,1,0,0.18,3.73,12.24,34.69,4.61,28.57,42.86,長崎,長崎,35,13:23,ＤＭＭボートちゃんねる杯,選抜戦,最終日
芦屋,21,20260706,11R,4,4504,A1,前田　　将太,0,0,0.15,6.51,45.45,60.23,6.78,45.10,58.82,福岡,福岡,38,13:23,ＤＭＭボートちゃんねる杯,選抜戦,最終日
芦屋,21,20260706,11R,5,5292,B1,佐藤　　右京,0,0,0.23,4.02,16.05,37.04,2.67,11.11,22.22,東京,宮城,24,13:23,ＤＭＭボートちゃんねる杯,選抜戦,最終日
芦屋,21,20260706,11R,6,4144,A2,石塚　　久也,0,0,0.18,6.47,44.44,68.69,6.80,60.00,65.00,埼玉,埼玉,44,13:23,ＤＭＭボートちゃんねる杯,選抜戦,最終日
芦屋,21,20260706,12R,1,4278,A1,藤岡　　俊介,0,0,0.13,6.91,55.26,67.54,5.32,36.84,47.37,兵庫,兵庫,42,14:01,ＤＭＭボートちゃんねる杯,優勝戦,最終日
芦屋,21,20260706,12R,2,4958,A1,溝口　海義也,0,0,0.13,6.23,39.13,63.48,6.12,34.62,73.08,福岡,福岡,31,14:01,ＤＭＭボートちゃんねる杯,優勝戦,最終日
芦屋,21,20260706,12R,3,5348,B1,小林　　甘寧,0,0,0.16,4.76,30.56,45.83,1.90,0.00,10.00,広島,広島,22,14:01,ＤＭＭボートちゃんねる杯,優勝戦,最終日
芦屋,21,20260706,12R,4,4427,A1,秦　　　英悟,0,0,0.14,6.59,46.30,58.33,7.50,50.00,87.50,大阪,大阪,40,14:01,ＤＭＭボートちゃんねる杯,優勝戦,最終日
芦屋,21,20260706,12R,5,4287,A2,今井　　貴士,0,0,0.17,6.36,42.86,66.67,6.16,41.86,58.14,福岡,福岡,41,14:01,ＤＭＭボートちゃんねる杯,優勝戦,最終日
芦屋,21,20260706,12R,6,4514,A1,上條　　嘉嗣,0,0,0.19,6.85,57.50,72.50,7.48,66.67,80.95,大阪,大阪,36,14:01,ＤＭＭボートちゃんねる杯,優勝戦,最終日
福岡,22,20260706,1R,1,4832,A1,権藤　　俊光,0,0,0.14,6.54,43.52,57.41,7.10,54.84,67.74,大阪,大阪,39,12:14,ａｕじぶん銀行賞,カタメン１一般,最終日
福岡,22,20260706,1R,2,5352,B1,西岡　　蒼志,0,0,0.16,4.98,30.68,42.05,3.81,19.23,23.08,香川,香川,21,12:14,ａｕじぶん銀行賞,カタメン１一般,最終日
福岡,22,20260706,1R,3,5359,B1,佐藤　　世那,1,0,0.17,4.49,27.69,41.54,0.00,0.00,0.00,東京,宮城,20,12:14,ａｕじぶん銀行賞,カタメン１一般,最終日
福岡,22,20260706,1R,4,4666,B1,日笠　　勝弘,0,0,0.16,4.02,21.54,33.85,5.55,34.48,51.72,大阪,大阪,42,12:14,ａｕじぶん銀行賞,カタメン１一般,最終日
福岡,22,20260706,1R,5,5383,B1,中村　　　楓,0,0,0.17,2.18,0.00,3.57,0.00,0.00,0.00,三重,三重,21,12:14,ａｕじぶん銀行賞,カタメン１一般,最終日
福岡,22,20260706,1R,6,5458,B2,田中　　大輝,0,0,,1.35,0.00,0.00,1.67,0.00,0.00,福岡,福岡,19,12:14,ａｕじぶん銀行賞,カタメン１一般,最終日
福岡,22,20260706,2R,1,3306,B1,武田　　正紀,0,0,0.16,3.89,17.11,35.53,5.34,27.59,58.62,埼玉,東京,58,12:44,ａｕじぶん銀行賞,一般戦,最終日
福岡,22,20260706,2R,2,4669,B1,井上　　　茂,0,0,0.16,4.81,25.93,48.15,4.07,17.86,35.71,福岡,福岡,41,12:44,ａｕじぶん銀行賞,一般戦,最終日
福岡,22,20260706,2R,3,5023,A2,久永　　祥平,0,0,0.16,5.83,33.33,62.32,4.59,24.14,37.93,東京,神奈川,31,12:44,ａｕじぶん銀行賞,一般戦,最終日
福岡,22,20260706,2R,4,5407,B1,中岡　　　駿,0,0,0.19,2.22,3.85,10.26,1.33,0.00,0.00,香川,香川,21,12:44,ａｕじぶん銀行賞,一般戦,最終日
福岡,22,20260706,2R,5,5405,B1,竹内　　　来,0,0,0.19,2.19,1.85,11.11,0.00,0.00,0.00,愛知,愛知,22,12:44,ａｕじぶん銀行賞,一般戦,最終日
福岡,22,20260706,2R,6,5379,B1,廣部　　大明,0,0,0.20,3.32,8.33,23.33,0.00,0.00,0.00,滋賀,滋賀,22,12:44,ａｕじぶん銀行賞,一般戦,最終日
福岡,22,20260706,3R,1,3544,B1,豊田　　訓靖,0,0,0.20,3.66,15.00,30.00,0.00,0.00,0.00,静岡,静岡,57,13:14,ａｕじぶん銀行賞,カタメン３一般,最終日
福岡,22,20260706,3R,2,4495,B2,森　　晋太郎,0,0,0.14,5.41,32.43,54.05,4.49,25.53,36.17,福岡,福岡,39,13:14,ａｕじぶん銀行賞,カタメン３一般,最終日
福岡,22,20260706,3R,3,4470,A2,平田　健之佑,0,0,0.15,6.57,48.05,71.43,0.00,0.00,0.00,三重,三重,39,13:14,ａｕじぶん銀行賞,カタメン３一般,最終日
福岡,22,20260706,3R,4,5033,B1,藤原　　孝斗,0,0,0.18,4.17,25.76,33.33,3.24,13.16,15.79,愛知,愛知,28,13:14,ａｕじぶん銀行賞,カタメン３一般,最終日
福岡,22,20260706,3R,5,4942,B1,柴田　　朋哉,0,0,0.16,5.38,34.48,52.87,6.02,36.59,70.73,福岡,福岡,36,13:14,ａｕじぶん銀行賞,カタメン３一般,最終日
福岡,22,20260706,3R,6,5432,B1,安藤　　瑠希,0,0,0.17,2.85,6.45,19.35,0.00,0.00,0.00,静岡,静岡,21,13:14,ａｕじぶん銀行賞,カタメン３一般,最終日
福岡,22,20260706,4R,1,3663,B1,木山　　和幸,0,0,0.18,5.50,36.19,54.29,5.00,30.00,47.50,広島,広島,56,13:47,ａｕじぶん銀行賞,一般戦,最終日
福岡,22,20260706,4R,2,3978,A2,齊藤　　　仁,1,0,0.16,5.88,34.62,55.77,6.40,44.00,74.00,東京,東京,49,13:47,ａｕじぶん銀行賞,一般戦,最終日
福岡,22,20260706,4R,3,4930,A2,佐藤　　　悠,0,0,0.16,5.97,40.91,56.82,6.00,55.56,55.56,福井,石川,30,13:47,ａｕじぶん銀行賞,一般戦,最終日
福岡,22,20260706,4R,4,5282,B1,中本　　大樹,0,0,0.17,5.49,36.84,56.84,0.00,0.00,0.00,福井,石川,23,13:47,ａｕじぶん銀行賞,一般戦,最終日
福岡,22,20260706,4R,5,3502,A2,渡邉　　英児,0,0,0.16,5.99,42.86,68.83,3.95,25.00,35.00,静岡,静岡,56,13:47,ａｕじぶん銀行賞,一般戦,最終日
福岡,22,20260706,4R,6,5453,B2,久保　　翔耶,0,0,,1.85,3.85,7.69,0.00,0.00,0.00,香川,香川,20,13:47,ａｕじぶん銀行賞,一般戦,最終日
福岡,22,20260706,5R,1,3811,A1,石田　　章央,0,0,0.16,6.51,52.21,65.49,6.25,50.00,65.00,静岡,静岡,50,14:18,ａｕじぶん銀行賞,一般戦,最終日
福岡,22,20260706,5R,2,4200,B1,早川　　尚人,0,0,0.19,4.10,19.23,34.62,4.97,28.57,45.71,大阪,大阪,43,14:18,ａｕじぶん銀行賞,一般戦,最終日
福岡,22,20260706,5R,3,4180,A2,上野　　秀和,0,0,0.17,5.30,30.23,52.33,4.56,44.44,44.44,福岡,福岡,43,14:18,ａｕじぶん銀行賞,一般戦,最終日
福岡,22,20260706,5R,4,5359,B1,佐藤　　世那,1,0,0.17,4.49,27.69,41.54,0.00,0.00,0.00,東京,宮城,20,14:18,ａｕじぶん銀行賞,一般戦,最終日
福岡,22,20260706,5R,5,5017,A1,澤田　　尚也,0,0,0.13,6.52,47.12,57.69,0.00,0.00,0.00,滋賀,京都,27,14:18,ａｕじぶん銀行賞,一般戦,最終日
福岡,22,20260706,5R,6,3411,B1,池上　　隆行,1,0,0.16,3.66,10.81,28.38,0.00,0.00,0.00,広島,広島,56,14:18,ａｕじぶん銀行賞,一般戦,最終日
福岡,22,20260706,6R,1,4877,A1,鈴谷　　一平,0,0,0.14,5.98,43.33,56.67,6.26,42.11,63.16,兵庫,兵庫,31,14:50,ａｕじぶん銀行賞,一般戦,最終日
福岡,22,20260706,6R,2,4348,A2,宮崎　　　奨,0,0,0.17,5.91,42.71,60.42,6.07,42.86,57.14,香川,香川,40,14:50,ａｕじぶん銀行賞,一般戦,最終日
福岡,22,20260706,6R,3,5338,B1,香月　　大輝,0,0,0.16,4.39,23.61,43.06,2.45,4.48,13.43,福岡,福岡,25,14:50,ａｕじぶん銀行賞,一般戦,最終日
福岡,22,20260706,6R,4,3306,B1,武田　　正紀,0,0,0.16,3.89,17.11,35.53,5.34,27.59,58.62,埼玉,東京,58,14:50,ａｕじぶん銀行賞,一般戦,最終日
福岡,22,20260706,6R,5,5458,B2,田中　　大輝,0,0,,1.35,0.00,0.00,1.67,0.00,0.00,福岡,福岡,19,14:50,ａｕじぶん銀行賞,一般戦,最終日
福岡,22,20260706,6R,6,5434,B1,藤田　　康生,0,0,0.16,2.92,10.00,20.00,0.00,0.00,0.00,静岡,静岡,21,14:50,ａｕじぶん銀行賞,一般戦,最終日
福岡,22,20260706,7R,1,4074,A1,柳沢　　　一,0,0,0.13,6.46,50.00,64.29,5.84,47.37,52.63,愛知,愛知,45,15:17,ａｕじぶん銀行賞,一般戦,最終日
福岡,22,20260706,7R,2,3911,B1,鈴木　　　猛,0,0,0.17,5.38,33.65,48.08,4.17,19.44,36.11,東京,東京,52,15:17,ａｕじぶん銀行賞,一般戦,最終日
福岡,22,20260706,7R,3,5379,B1,廣部　　大明,0,0,0.20,3.32,8.33,23.33,0.00,0.00,0.00,滋賀,滋賀,22,15:17,ａｕじぶん銀行賞,一般戦,最終日
福岡,22,20260706,7R,4,5405,B1,竹内　　　来,0,0,0.19,2.19,1.85,11.11,0.00,0.00,0.00,愛知,愛知,22,15:17,ａｕじぶん銀行賞,一般戦,最終日
福岡,22,20260706,7R,5,5432,B1,安藤　　瑠希,0,0,0.17,2.85,6.45,19.35,0.00,0.00,0.00,静岡,静岡,21,15:17,ａｕじぶん銀行賞,一般戦,最終日
福岡,22,20260706,7R,6,5383,B1,中村　　　楓,0,0,0.17,2.18,0.00,3.57,0.00,0.00,0.00,三重,三重,21,15:17,ａｕじぶん銀行賞,一般戦,最終日
福岡,22,20260706,8R,1,4930,A2,佐藤　　　悠,0,0,0.16,5.97,40.91,56.82,6.00,55.56,55.56,福井,石川,30,15:54,ａｕじぶん銀行賞,一般戦,最終日
福岡,22,20260706,8R,2,4666,B1,日笠　　勝弘,0,0,0.16,4.02,21.54,33.85,5.55,34.48,51.72,大阪,大阪,42,15:54,ａｕじぶん銀行賞,一般戦,最終日
福岡,22,20260706,8R,3,5033,B1,藤原　　孝斗,0,0,0.18,4.17,25.76,33.33,3.24,13.16,15.79,愛知,愛知,28,15:54,ａｕじぶん銀行賞,一般戦,最終日
福岡,22,20260706,8R,4,3544,B1,豊田　　訓靖,0,0,0.20,3.66,15.00,30.00,0.00,0.00,0.00,静岡,静岡,57,15:54,ａｕじぶん銀行賞,一般戦,最終日
福岡,22,20260706,8R,5,5453,B2,久保　　翔耶,0,0,,1.85,3.85,7.69,0.00,0.00,0.00,香川,香川,20,15:54,ａｕじぶん銀行賞,一般戦,最終日
福岡,22,20260706,8R,6,5407,B1,中岡　　　駿,0,0,0.19,2.22,3.85,10.26,1.33,0.00,0.00,香川,香川,21,15:54,ａｕじぶん銀行賞,一般戦,最終日
福岡,22,20260706,9R,1,4470,A2,平田　健之佑,0,0,0.15,6.57,48.05,71.43,0.00,0.00,0.00,三重,三重,39,16:23,ａｕじぶん銀行賞,ペラ坊特選,最終日
福岡,22,20260706,9R,2,4139,B1,丹下　　　健,0,0,0.19,3.97,21.43,37.14,3.18,17.65,23.53,愛知,愛知,45,16:23,ａｕじぶん銀行賞,ペラ坊特選,最終日
福岡,22,20260706,9R,3,4293,B1,鈴木　　智啓,0,0,0.18,5.04,29.59,52.04,5.20,36.00,52.00,愛知,愛知,40,16:23,ａｕじぶん銀行賞,ペラ坊特選,最終日
福岡,22,20260706,9R,4,4303,B1,牧原　　　崇,0,0,0.18,4.85,23.88,50.75,4.38,25.00,37.50,愛知,愛知,43,16:23,ａｕじぶん銀行賞,ペラ坊特選,最終日
福岡,22,20260706,9R,5,5282,B1,中本　　大樹,0,0,0.17,5.49,36.84,56.84,0.00,0.00,0.00,福井,石川,23,16:23,ａｕじぶん銀行賞,ペラ坊特選,最終日
福岡,22,20260706,9R,6,4180,A2,上野　　秀和,0,0,0.17,5.30,30.23,52.33,4.56,44.44,44.44,福岡,福岡,43,16:23,ａｕじぶん銀行賞,ペラ坊特選,最終日
福岡,22,20260706,10R,1,5017,A1,澤田　　尚也,0,0,0.13,6.52,47.12,57.69,0.00,0.00,0.00,滋賀,京都,27,16:56,ａｕじぶん銀行賞,選抜戦,最終日
福岡,22,20260706,10R,2,4942,B1,柴田　　朋哉,0,0,0.16,5.38,34.48,52.87,6.02,36.59,70.73,福岡,福岡,36,16:56,ａｕじぶん銀行賞,選抜戦,最終日
福岡,22,20260706,10R,3,3978,A2,齊藤　　　仁,1,0,0.16,5.88,34.62,55.77,6.40,44.00,74.00,東京,東京,49,16:56,ａｕじぶん銀行賞,選抜戦,最終日
福岡,22,20260706,10R,4,5352,B1,西岡　　蒼志,0,0,0.16,4.98,30.68,42.05,3.81,19.23,23.08,香川,香川,21,16:56,ａｕじぶん銀行賞,選抜戦,最終日
福岡,22,20260706,10R,5,5023,A2,久永　　祥平,0,0,0.16,5.83,33.33,62.32,4.59,24.14,37.93,東京,神奈川,31,16:56,ａｕじぶん銀行賞,選抜戦,最終日
福岡,22,20260706,10R,6,4348,A2,宮崎　　　奨,0,0,0.17,5.91,42.71,60.42,6.07,42.86,57.14,香川,香川,40,16:56,ａｕじぶん銀行賞,選抜戦,最終日
福岡,22,20260706,11R,1,3502,A2,渡邉　　英児,0,0,0.16,5.99,42.86,68.83,3.95,25.00,35.00,静岡,静岡,56,17:28,ａｕじぶん銀行賞,選抜戦,最終日
福岡,22,20260706,11R,2,4074,A1,柳沢　　　一,0,0,0.13,6.46,50.00,64.29,5.84,47.37,52.63,愛知,愛知,45,17:28,ａｕじぶん銀行賞,選抜戦,最終日
福岡,22,20260706,11R,3,4877,A1,鈴谷　　一平,0,0,0.14,5.98,43.33,56.67,6.26,42.11,63.16,兵庫,兵庫,31,17:28,ａｕじぶん銀行賞,選抜戦,最終日
福岡,22,20260706,11R,4,4832,A1,権藤　　俊光,0,0,0.14,6.54,43.52,57.41,7.10,54.84,67.74,大阪,大阪,39,17:28,ａｕじぶん銀行賞,選抜戦,最終日
福岡,22,20260706,11R,5,4495,B2,森　　晋太郎,0,0,0.14,5.41,32.43,54.05,4.49,25.53,36.17,福岡,福岡,39,17:28,ａｕじぶん銀行賞,選抜戦,最終日
福岡,22,20260706,11R,6,3811,A1,石田　　章央,0,0,0.16,6.51,52.21,65.49,6.25,50.00,65.00,静岡,静岡,50,17:28,ａｕじぶん銀行賞,選抜戦,最終日
福岡,22,20260706,12R,1,3556,A1,田中　信一郎,0,0,0.14,6.68,48.00,67.00,5.95,36.36,72.73,大阪,大阪,53,18:00,ａｕじぶん銀行賞,優勝戦,最終日
福岡,22,20260706,12R,2,4191,A1,赤羽　　克也,0,0,0.16,6.06,45.98,60.92,5.67,33.33,60.00,埼玉,埼玉,44,18:00,ａｕじぶん銀行賞,優勝戦,最終日
福岡,22,20260706,12R,3,4335,A1,若林　　　将,0,0,0.12,7.12,53.93,75.28,4.82,18.18,45.45,東京,千葉,42,18:00,ａｕじぶん銀行賞,優勝戦,最終日
福岡,22,20260706,12R,4,4574,A2,東　　　潤樹,0,0,0.17,4.98,24.10,51.81,4.42,18.42,36.84,広島,愛媛,37,18:00,ａｕじぶん銀行賞,優勝戦,最終日
福岡,22,20260706,12R,5,4133,A2,高橋　　正男,0,0,0.17,6.34,53.66,63.41,5.42,21.05,52.63,兵庫,兵庫,46,18:00,ａｕじぶん銀行賞,優勝戦,最終日
福岡,22,20260706,12R,6,4711,A2,前出　　達吉,0,0,0.16,6.23,43.37,69.88,5.57,36.67,53.33,福井,石川,36,18:00,ａｕじぶん銀行賞,優勝戦,最終日
